0.000000000000000000e+00,-0.000000000000000000e+00
1.666666666666666644e-02,1.385033995108984220e-05
3.333333333333333287e-02,4.842720356174375757e-05
5.000000000000000278e-02,1.184042734016225627e-04
6.666666666666666574e-02,2.289543732231756894e-04
8.333333333333332871e-02,3.788463925891894131e-04
1.000000000000000056e-01,5.504565889987028410e-04
1.166666666666666685e-01,7.233844660606713771e-04
1.333333333333333315e-01,8.787166391855833489e-04
1.499999999999999944e-01,1.002430606365595873e-03
1.666666666666666574e-01,1.088507087497950351e-03
1.833333333333333204e-01,1.139966637312836688e-03
2.000000000000000111e-01,1.167687558683636615e-03
2.166666666666666741e-01,1.187400986435464692e-03
2.333333333333333370e-01,1.215675645084181864e-03
2.500000000000000000e-01,1.265905640677968689e-03
2.666666666666666630e-01,1.345262551697455362e-03
2.833333333333333259e-01,1.453293296560845358e-03
2.999999999999999889e-01,1.582416316306329987e-03
3.166666666666666519e-01,1.720100861296281706e-03
3.333333333333333148e-01,1.852121710885630285e-03
3.499999999999999778e-01,1.966054765050468355e-03
3.666666666666666408e-01,2.055421871456975576e-03
3.833333333333333037e-01,2.121337415256658102e-03
4.000000000000000222e-01,2.167789529229578391e-03
4.166666666666666852e-01,2.200816561895945541e-03
4.333333333333333481e-01,2.227953444441354777e-03
4.500000000000000111e-01,2.259859017665318340e-03
4.666666666666666741e-01,2.305648742866771989e-03
4.833333333333333370e-01,2.370377802220043333e-03
5.000000000000000000e-01,2.454036783146964096e-03
5.166666666666666075e-01,2.551811992893359728e-03
5.333333333333333259e-01,2.659691801932312274e-03
5.500000000000000444e-01,2.772935125655565190e-03
5.666666666666666519e-01,2.885786926139777709e-03
5.833333333333333703e-01,2.992134262864655416e-03
5.999999999999999778e-01,3.086341327695499032e-03
6.166666666666666963e-01,3.164123823631379267e-03
6.333333333333333037e-01,3.223316417758325270e-03
6.500000000000000222e-01,3.264359872392683364e-03
6.666666666666666297e-01,3.290362690494382826e-03
6.833333333333333481e-01,3.306679001290436810e-03
6.999999999999999556e-01,3.320059475964753926e-03
7.166666666666666741e-01,3.337534008725049836e-03
7.333333333333332815e-01,3.365242829123854702e-03
7.500000000000000000e-01,3.407435481658774822e-03
7.666666666666666075e-01,3.465811528778641598e-03
7.833333333333333259e-01,3.539300974059273776e-03
8.000000000000000444e-01,3.624298139676242550e-03
8.166666666666666519e-01,3.715288851462163981e-03
8.333333333333333703e-01,3.805757862430973314e-03
8.499999999999999778e-01,3.889232708631018727e-03
8.666666666666666963e-01,3.960307502870631137e-03
8.833333333333333037e-01,4.015492619189804310e-03
9.000000000000000222e-01,4.053755870083318794e-03
9.166666666666666297e-01,4.076662064084765266e-03
9.333333333333333481e-01,4.088080847798119047e-03
9.499999999999999556e-01,4.093508553621214019e-03
9.666666666666666741e-01,4.099121867001156473e-03
9.833333333333332815e-01,4.110731698402403898e-03
1.000000000000000000e+00,4.132822430652602526e-03
1.016666666666666607e+00,4.167841719633287242e-03
1.033333333333333215e+00,4.215855406509471173e-03
1.050000000000000044e+00,4.274613266929096905e-03
1.066666666666666652e+00,4.339998943379550986e-03
1.083333333333333259e+00,4.406774644125066240e-03
1.100000000000000089e+00,4.469487250492940912e-03
1.116666666666666696e+00,4.523381965445387627e-03
1.133333333333333304e+00,4.565173434681608043e-03
1.149999999999999911e+00,4.593550740415331540e-03
1.166666666666666741e+00,4.609338134388562061e-03
1.183333333333333348e+00,4.615291699611745804e-03
1.199999999999999956e+00,4.615574334753369014e-03
1.216666666666666563e+00,4.615006592601872577e-03
1.233333333333333393e+00,4.618228375698685099e-03
1.250000000000000000e+00,4.628918917370777528e-03
1.266666666666666607e+00,4.649207779620827784e-03
1.283333333333333215e+00,4.679371458018536170e-03
1.300000000000000044e+00,4.717856842436869702e-03
1.316666666666666652e+00,4.761614814045883604e-03
1.333333333333333259e+00,4.806675137189441935e-03
1.350000000000000089e+00,4.848855951293840581e-03
1.366666666666666696e+00,4.884482854558819427e-03
1.383333333333333304e+00,4.910995631817433905e-03
1.399999999999999911e+00,4.927343720549784596e-03
1.416666666666666741e+00,4.934110301151481588e-03
1.433333333333333348e+00,4.933352863761676990e-03
1.449999999999999956e+00,4.928197089466918729e-03
1.466666666666666563e+00,4.922262378262064197e-03
1.483333333333333393e+00,4.919024059595657541e-03
1.500000000000000000e+00,4.921224741961450697e-03
1.516666666666666607e+00,4.930434553250520081e-03
1.533333333333333215e+00,4.946830242872250240e-03
1.550000000000000044e+00,4.969222372885547662e-03
1.566666666666666652e+00,4.995315812049715837e-03
1.583333333333333259e+00,5.022149297617433360e-03
1.600000000000000089e+00,5.046631457357335371e-03
1.616666666666666696e+00,5.066077610507395065e-03
1.633333333333333304e+00,5.078655361557769463e-03
1.649999999999999911e+00,5.083666151301329678e-03
1.666666666666666741e+00,5.081620773679891220e-03
1.683333333333333348e+00,5.074103828311435013e-03
1.699999999999999956e+00,5.063458661877225618e-03
1.716666666666666563e+00,5.052354209818562050e-03
1.733333333333333393e+00,5.043313292838199659e-03
1.750000000000000000e+00,5.038285480911212748e-03
1.766666666666666607e+00,5.038336528922755450e-03
1.783333333333333215e+00,5.043503177543161124e-03
1.800000000000000044e+00,5.052831416869876975e-03
1.816666666666666652e+00,5.064583852182940639e-03
1.833333333333333259e+00,5.076573283334275336e-03
1.849999999999999867e+00,5.086559724467655183e-03
1.866666666666666696e+00,5.092639850138380199e-03
1.883333333333333304e+00,5.093562125933491329e-03
1.899999999999999911e+00,5.088916415235142897e-03
1.916666666666666741e+00,5.079170561179258483e-03
1.933333333333333348e+00,5.065553954419786675e-03
1.949999999999999956e+00,5.049814536501421106e-03
1.966666666666666563e+00,5.033896522841718214e-03
1.983333333333333393e+00,5.019597903884746339e-03
2.000000000000000000e+00,5.008267803092115653e-03
2.016666666666666607e+00,5.000594298906224991e-03
2.033333333333333215e+00,4.996515468369620849e-03
2.049999999999999822e+00,4.995263675036034669e-03
2.066666666666666430e+00,4.995529676485520668e-03
2.083333333333333481e+00,4.995713049996933393e-03
2.100000000000000089e+00,4.994212023433591482e-03
2.116666666666666696e+00,4.989701045803117407e-03
2.133333333333333304e+00,4.981348768050968337e-03
2.149999999999999911e+00,4.968941397619337785e-03
2.166666666666666519e+00,4.952894201129261903e-03
2.183333333333333126e+00,4.934153969242302019e-03
2.200000000000000178e+00,4.914013974695143235e-03
2.216666666666666785e+00,4.893877157822327725e-03
2.233333333333333393e+00,4.875010681531779730e-03
2.250000000000000000e+00,4.858334609009067745e-03
2.266666666666666607e+00,4.844279680880370260e-03
2.283333333333333215e+00,4.832735687161211074e-03
2.299999999999999822e+00,4.823095341367795476e-03
2.316666666666666430e+00,4.814381880556452796e-03
2.333333333333333481e+00,4.805434714936969789e-03
2.350000000000000089e+00,4.795118594502101317e-03
2.366666666666666696e+00,4.782519237520991423e-03
2.383333333333333304e+00,4.767092325965741929e-03
2.399999999999999911e+00,4.748742252217909993e-03
2.416666666666666519e+00,4.727820133344693559e-03
2.433333333333333126e+00,4.705044977844401177e-03
2.450000000000000178e+00,4.681364964281351307e-03
2.466666666666666785e+00,4.657785368075948416e-03
2.483333333333333393e+00,4.635194247054080785e-03
2.500000000000000000e+00,4.614215997680262693e-03
2.516666666666666607e+00,4.595116745949833804e-03
2.533333333333333215e+00,4.577775537630942443e-03
2.549999999999999822e+00,4.561723344820944534e-03
2.566666666666666430e+00,4.546240156676100048e-03
2.583333333333333481e+00,4.530490880528811187e-03
2.600000000000000089e+00,4.513674979563579194e-03
2.616666666666666696e+00,4.495163537098474139e-03
2.633333333333333304e+00,4.474600770651817987e-03
2.649999999999999911e+00,4.451954146195237494e-03
2.666666666666666519e+00,4.427506774203197534e-03
2.683333333333333126e+00,4.401795962043607117e-03
2.700000000000000178e+00,4.375510870672026653e-03
2.716666666666666785e+00,4.349368666049682579e-03
2.733333333333333393e+00,4.323991376087449497e-03
2.750000000000000000e+00,4.299804540966365406e-03
2.766666666666666607e+00,4.276974052419429267e-03
2.783333333333333215e+00,4.255390287492391392e-03
2.799999999999999822e+00,4.234700126292865151e-03
2.816666666666666430e+00,4.214379217480026911e-03
2.833333333333333481e+00,4.193830313463847714e-03
2.850000000000000089e+00,4.172489679308868417e-03
2.866666666666666696e+00,4.149923011785654724e-03
2.883333333333333304e+00,4.125894936316961206e-03
2.899999999999999911e+00,4.100401385286128568e-03
2.916666666666666519e+00,4.073660989175045474e-03
2.933333333333333126e+00,4.046068793132795438e-03
2.950000000000000178e+00,4.018121901364213669e-03
2.966666666666666785e+00,3.990331014081469237e-03
2.983333333333333393e+00,3.963133597970642380e-03
3.000000000000000000e+00,3.936823436207419029e-03
3.016666666666666607e+00,3.911507836556670989e-03
3.033333333333333215e+00,3.887098543652307489e-03
3.049999999999999822e+00,3.863336379639410387e-03
3.066666666666666430e+00,3.839843889342655844e-03
3.083333333333333481e+00,3.816195757867061732e-03
3.100000000000000089e+00,3.791994209223503460e-03
3.116666666666666696e+00,3.766936329022471403e-03
3.133333333333333304e+00,3.740862221895096228e-03
3.149999999999999911e+00,3.713776678137282669e-03
3.166666666666666519e+00,3.685841862007200459e-03
3.183333333333333126e+00,3.657343574216291669e-03
3.200000000000000178e+00,3.628638016769868916e-03
3.216666666666666785e+00,3.600088985525069958e-03
3.233333333333333393e+00,3.572006588439289882e-03
3.250000000000000000e+00,3.544597820810168991e-03
3.266666666666666607e+00,3.517936843644067085e-03
3.283333333333333215e+00,3.491959110087848768e-03
3.299999999999999822e+00,3.466479252517041740e-03
3.316666666666666430e+00,3.441228621526780298e-03
3.333333333333333481e+00,3.415905228653726058e-03
3.350000000000000089e+00,3.390227077051240819e-03
3.366666666666666696e+00,3.363979703509177577e-03
3.383333333333333304e+00,3.337050153732244642e-03
3.399999999999999911e+00,3.309442262083526001e-03
3.416666666666666519e+00,3.281271501447316930e-03
3.433333333333333126e+00,3.252741200254737237e-03
3.449999999999999734e+00,3.224104988779147307e-03
3.466666666666666785e+00,3.195622439148438059e-03
3.483333333333333393e+00,3.167515692742239528e-03
3.500000000000000000e+00,3.139934344210749354e-03
3.516666666666666607e+00,3.112934125265708323e-03
3.533333333333333215e+00,3.086472351252523855e-03
3.549999999999999822e+00,3.060420134285344890e-03
3.566666666666666430e+00,3.034588544474577359e-03
3.583333333333333481e+00,3.008763683831506414e-03
3.600000000000000089e+00,2.982744370076156198e-03
3.616666666666666696e+00,2.956375978278910372e-03
3.633333333333333304e+00,2.929574929871676080e-03
3.649999999999999911e+00,2.902340142083556507e-03
3.666666666666666519e+00,2.874750109049203830e-03
3.683333333333333126e+00,2.846946757931664417e-03
3.699999999999999734e+00,2.819109389168151028e-03
3.716666666666666785e+00,2.791423520294932046e-03
3.733333333333333393e+00,2.764050085101621597e-03
3.750000000000000000e+00,2.737100129342791375e-03
3.766666666666666607e+00,2.710618987304337819e-03
3.783333333333333215e+00,2.684582153792490489e-03
3.799999999999999822e+00,2.658903008562969131e-03
3.816666666666666430e+00,2.633450562352915823e-03
3.833333333333333481e+00,2.608073804263482450e-03
3.850000000000000089e+00,2.582628285799198984e-03
3.866666666666666696e+00,2.557000404625784078e-03
3.883333333333333304e+00,2.531125443523410228e-03
3.899999999999999911e+00,2.504996642475025223e-03
3.916666666666666519e+00,2.478664201096610932e-03
3.933333333333333126e+00,2.452224836326478367e-03
3.949999999999999734e+00,2.425804063613887316e-03
3.966666666666666785e+00,2.399534480504675153e-03
3.983333333333333393e+00,2.373533845050458148e-03
4.000000000000000000e+00,2.347886600610369148e-03
4.016666666666666607e+00,2.322631757688638741e-03
4.033333333333333215e+00,2.297758853897638801e-03
4.049999999999999822e+00,2.273212293614349996e-03
4.066666666666666430e+00,2.248902965712902546e-03
4.083333333333333037e+00,2.224724882676529930e-03
4.099999999999999645e+00,2.200573856989726518e-03
4.116666666666666252e+00,2.176365031189863609e-03
4.133333333333332860e+00,2.152046414428780263e-03
4.150000000000000355e+00,2.127606369963492335e-03
4.166666666666666963e+00,2.103074092390643662e-03
4.183333333333333570e+00,2.078513315578536975e-03
4.200000000000000178e+00,2.054010598520109553e-03
4.216666666666666785e+00,2.029660368632163828e-03
4.233333333333333393e+00,2.005549335981914733e-03
4.250000000000000000e+00,1.981742874817561152e-03
4.266666666666666607e+00,1.958275524803478225e-03
4.283333333333333215e+00,1.935146986863039639e-03
4.299999999999999822e+00,1.912324021278395680e-03
4.316666666666666430e+00,1.889747666734308386e-03
4.333333333333333037e+00,1.867344351849614279e-03
4.349999999999999645e+00,1.845038897782927878e-03
4.366666666666666252e+00,1.822767192753045390e-03
4.383333333333332860e+00,1.800486475663739313e-03
4.400000000000000355e+00,1.778181653134969275e-03
4.416666666666666963e+00,1.755866796667014066e-03
4.433333333333333570e+00,1.733581794977999543e-03
4.450000000000000178e+00,1.711384930185980797e-03
4.466666666666666785e+00,1.689342777286964971e-03
4.483333333333333393e+00,1.667519198917878816e-03
4.500000000000000000e+00,1.645965273088159393e-03
4.516666666666666607e+00,1.624711754274577079e-03
4.533333333333333215e+00,1.603765181125556879e-03
4.549999999999999822e+00,1.583108098322010427e-03
4.566666666666666430e+00,1.562703168620764409e-03
4.583333333333333037e+00,1.542500328508897853e-03
4.599999999999999645e+00,1.522445685208139235e-03
4.616666666666666252e+00,1.502490630115592939e-03
4.633333333333332860e+00,1.482599679231353914e-03
4.650000000000000355e+00,1.462755826675065469e-03
4.666666666666666963e+00,1.442962656915219594e-03
4.683333333333333570e+00,1.423243021571025382e-03
4.700000000000000178e+00,1.403634652029257151e-03
4.716666666666666785e+00,1.384183557839846132e-03
4.733333333333333393e+00,1.364936379570392665e-03
4.750000000000000000e+00,1.345932979592933450e-03
4.766666666666666607e+00,1.327200456324468614e-03
4.783333333333333215e+00,1.308749482724574182e-03
4.799999999999999822e+00,1.290573453233595123e-03
4.816666666666666430e+00,1.272650448294707082e-03
4.833333333333333037e+00,1.254947571465332050e-03
4.849999999999999645e+00,1.237426853000488623e-03
4.866666666666666252e+00,1.220051699322509398e-03
4.883333333333332860e+00,1.202792827446281035e-03
4.900000000000000355e+00,1.185632755363538043e-03
4.916666666666666963e+00,1.168568194194246658e-03
4.933333333333333570e+00,1.151610054678851901e-03
4.950000000000000178e+00,1.134781176123493898e-03
4.966666666666666785e+00,1.118112245487286197e-03
4.983333333333333393e+00,1.101636642080423356e-03
5.000000000000000000e+00,1.085385080891193392e-03
5.016666666666666607e+00,1.069380919138801728e-03
5.033333333333333215e+00,1.053636844606646713e-03
5.049999999999999822e+00,1.038153410556870177e-03
5.066666666666666430e+00,1.022919566193057671e-03
5.083333333333333037e+00,1.007915007016911427e-03
5.099999999999999645e+00,9.931138881068108607e-04
5.116666666666666252e+00,9.784892479880026670e-04
5.133333333333332860e+00,9.640174082741200879e-04
5.150000000000000355e+00,9.496816523107314348e-04
5.166666666666666963e+00,9.354746328092092712e-04
5.183333333333333570e+00,9.213991854318143724e-04
5.200000000000000178e+00,9.074674926640971442e-04
5.216666666666666785e+00,8.936988058278335593e-04
5.233333333333333393e+00,8.801161512555756789e-04
5.250000000000000000e+00,8.667425871826999135e-04
5.266666666666666607e+00,8.535976223695400118e-04
5.283333333333333215e+00,8.406943534726007018e-04
5.299999999999999822e+00,8.280377390055766772e-04
5.316666666666666430e+00,8.156242294008272551e-04
5.333333333333333037e+00,8.034427492616561060e-04
5.349999999999999645e+00,7.914768157135283495e-04
5.366666666666666252e+00,7.797074085918691408e-04
5.383333333333332860e+00,7.681161082967277081e-04
5.400000000000000355e+00,7.566879978521178027e-04
5.416666666666666963e+00,7.454138861459568520e-04
5.433333333333333570e+00,7.342915361723889112e-04
5.450000000000000178e+00,7.233257523056172474e-04
5.466666666666666785e+00,7.125273655130442193e-04
5.483333333333333393e+00,7.019113254099053432e-04
5.500000000000000000e+00,6.914942373874209897e-04
5.516666666666666607e+00,6.812917535508073580e-04
5.533333333333333215e+00,6.713162297751121667e-04
5.549999999999999822e+00,6.615750005330970794e-04
5.566666666666666430e+00,6.520695108198164801e-04
5.583333333333333037e+00,6.427954004416157807e-04
5.599999999999999645e+00,6.337434840240145336e-04
5.616666666666666252e+00,6.249014342262054203e-04
5.633333333333332860e+00,6.162558760541980577e-04
5.650000000000000355e+00,6.077945504525979334e-04
5.666666666666666963e+00,5.995082107557985623e-04
5.683333333333333570e+00,5.913919725608619534e-04
5.700000000000000178e+00,5.834459348416501986e-04
5.716666666666666785e+00,5.756750107194148237e-04
5.733333333333333393e+00,5.680880305575126965e-04
5.750000000000000000e+00,5.606962887018564342e-04
5.766666666666666607e+00,5.535117823499825611e-04
5.783333333333333215e+00,5.465454264280801902e-04
5.799999999999999822e+00,5.398055186317576295e-04
5.816666666666666430e+00,5.332966776547702408e-04
5.833333333333333037e+00,5.270193949432907350e-04
5.849999999999999645e+00,5.209702402404936712e-04
5.866666666666666252e+00,5.151426598323237708e-04
5.883333333333332860e+00,5.095282192527737916e-04
5.900000000000000355e+00,5.041180817954870642e-04
5.916666666666666963e+00,4.989044883501202090e-04
5.933333333333333570e+00,4.938820150336423664e-04
5.950000000000000178e+00,4.890484293314740832e-04
5.966666666666666785e+00,4.844050346520987170e-04
5.983333333333333393e+00,4.799564756369215286e-04
6.000000000000000000e+00,4.757100591577993840e-04
6.016666666666666607e+00,4.716747162246625832e-04
6.033333333333333215e+00,4.678597780541171136e-04
6.049999999999999822e+00,4.642737592136608705e-04
6.066666666666666430e+00,4.609233305279227585e-04
6.083333333333333037e+00,4.578126273480894793e-04
6.099999999999999645e+00,4.549429817470638615e-04
6.116666666666666252e+00,4.523130997444028186e-04
6.133333333333332860e+00,4.499196373820704220e-04
6.150000000000000355e+00,4.477580723893249807e-04
6.166666666666666963e+00,4.458237292719543794e-04
6.183333333333333570e+00,4.441127998033386087e-04
6.200000000000000178e+00,4.426232092652425659e-04
6.216666666666666785e+00,4.413552089137728288e-04
6.233333333333333393e+00,4.403116214636245730e-04
6.250000000000000000e+00,4.394977212200276121e-04
6.266666666666666607e+00,4.389207853152906399e-04
6.283333333333333215e+00,4.385893992462841159e-04
6.299999999999999822e+00,4.385126320999136493e-04
6.316666666666666430e+00,4.386992105149477815e-04
6.333333333333333037e+00,4.391568145093727171e-04
6.349999999999999645e+00,4.398915946880149037e-04
6.366666666666666252e+00,4.409079734183350718e-04
6.383333333333332860e+00,4.422087483554520211e-04
6.400000000000000355e+00,4.437954720943701904e-04
6.416666666666666963e+00,4.456690432093702637e-04
6.433333333333333570e+00,4.478304167945866099e-04
6.450000000000000178e+00,4.502813301902239794e-04
6.466666666666666785e+00,4.530249428982967719e-04
6.483333333333333393e+00,4.560663074570816384e-04
6.500000000000000000e+00,4.594126169380083552e-04
6.516666666666666607e+00,4.630732100088456979e-04
6.533333333333333215e+00,4.670593507748519563e-04
6.549999999999999822e+00,4.713838326160224297e-04
6.566666666666666430e+00,4.760604786415223509e-04
6.583333333333333037e+00,4.811036233084399418e-04
6.599999999999999645e+00,4.865276591299206731e-04
6.616666666666666252e+00,4.923467200094820001e-04
6.633333333333332860e+00,4.985745509967806459e-04
6.649999999999999467e+00,5.052245867783600316e-04
6.666666666666666963e+00,5.123102322213737283e-04
6.683333333333333570e+00,5.198453119865663634e-04
6.700000000000000178e+00,5.278446362145781685e-04
6.716666666666666785e+00,5.363246180797803060e-04
6.733333333333333393e+00,5.453038777377464379e-04
6.750000000000000000e+00,5.548037755601243487e-04
6.766666666666666607e+00,5.648488339277573170e-04
6.783333333333333215e+00,5.754670286097445355e-04
6.799999999999999822e+00,5.866899546854827336e-04
6.816666666666666430e+00,5.985528947777006342e-04
6.833333333333333037e+00,6.110948361491100886e-04
6.849999999999999645e+00,6.243584958388760219e-04
6.866666666666666252e+00,6.383904183801252137e-04
6.883333333333332860e+00,6.532412087863425330e-04
6.899999999999999467e+00,6.689659555487635851e-04
6.916666666666666963e+00,6.856248863657064384e-04
6.933333333333333570e+00,7.032842858468476947e-04
6.950000000000000178e+00,7.220176923729271484e-04
6.966666666666666785e+00,7.419073834440887468e-04
6.983333333333333393e+00,7.630461576697703321e-04
7.000000000000000000e+00,7.855394289814388335e-04
7.016666666666666607e+00,8.095076661023853804e-04
7.033333333333333215e+00,8.350892388216307792e-04
7.049999999999999822e+00,8.624437731796770305e-04
7.066666666666666430e+00,8.917561717554958441e-04
7.083333333333333037e+00,9.232415255722133465e-04
7.099999999999999645e+00,9.571512357727907745e-04
7.116666666666666252e+00,9.937807851065538680e-04
7.133333333333332860e+00,1.033479766610201876e-03
7.149999999999999467e+00,1.076665014883386711e-03
7.166666666666666963e+00,1.123838035658258948e-03
7.183333333333333570e+00,1.175608461191863423e-03
7.200000000000000178e+00,1.232726089892588993e-03
7.216666666666666785e+00,1.296125403624054720e-03
7.233333333333333393e+00,1.366988665825668876e-03
7.250000000000000000e+00,1.446837484903724458e-03
7.266666666666666607e+00,1.537669454110778466e-03
7.283333333333333215e+00,1.642169011332772358e-03
7.299999999999999822e+00,1.764046352483885629e-03
7.316666666666666430e+00,1.908610348429695073e-03
7.333333333333333037e+00,2.083801455009228788e-03
7.349999999999999645e+00,2.302220649371274422e-03
7.366666666666666252e+00,2.585628762535766706e-03
7.383333333333332860e+00,2.976995457789511235e-03
7.399999999999999467e+00,3.586273057996583295e-03
7.416666666666666963e+00,5.127723789093178650e-03
7.433333333333333570e+00,6.000121937368149000e-03
7.450000000000000178e+00,6.103685899884215942e-03
7.466666666666666785e+00,5.436563003747821657e-03
7.483333333333333393e+00,4.080839786577865509e-03
7.500000000000000000e+00,2.194295570711991307e-03
7.516666666666666607e+00,-7.462890417457278799e-06
7.533333333333333215e+00,-2.276146352922358597e-03
7.549999999999999822e+00,-4.359672054858276975e-03
7.566666666666666430e+00,-6.030971055423299185e-03
7.583333333333333037e+00,-7.113307282041033894e-03
7.599999999999999645e+00,-7.414078886508582850e-03
7.616666666666666252e+00,-6.892978265130654536e-03
7.633333333333332860e+00,-5.708607781339740395e-03
7.649999999999999467e+00,-4.062797522605754615e-03
7.666666666666666963e+00,-2.168195042648329678e-03
7.683333333333333570e+00,-2.677329328992150356e-04
7.700000000000000178e+00,1.394660161987625827e-03
7.716666666666666785e+00,2.605853695779268391e-03
7.733333333333333393e+00,3.212991934603534865e-03
7.750000000000000000e+00,3.145885162473968915e-03
7.766666666666666607e+00,2.428086764993438260e-03
7.783333333333333215e+00,1.174122567370352839e-03
7.799999999999999822e+00,-4.272955535824110931e-04
7.816666666666666430e+00,-2.141498876071282285e-03
7.833333333333333037e+00,-3.722788347303048612e-03
7.849999999999999645e+00,-4.950363556684948298e-03
7.866666666666666252e+00,-5.659794650916585498e-03
7.883333333333332860e+00,-5.765710412185731139e-03
7.899999999999999467e+00,-5.272917420849410237e-03
7.916666666666666963e+00,-4.274746935449857607e-03
7.933333333333333570e+00,-2.938825587764567863e-03
7.950000000000000178e+00,-1.481809793653033214e-03
7.966666666666666785e+00,-1.362006834247958987e-04
7.983333333333333393e+00,8.862269620081856180e-04
8.000000000000000000e+00,1.428706014229382719e-03
8.016666666666665719e+00,1.415452787046685840e-03
8.033333333333333215e+00,8.642305066349433192e-04
8.050000000000000711e+00,-1.173233600649459864e-04
8.066666666666666430e+00,-1.351313794595894761e-03
8.083333333333333925e+00,-2.621548799325788739e-03
8.099999999999999645e+00,-3.711726600444874638e-03
8.116666666666667140e+00,-4.442770797751114699e-03
8.133333333333332860e+00,-4.702781583362289526e-03
8.150000000000000355e+00,-4.464752717286288308e-03
8.166666666666666075e+00,-3.789457448513294194e-03
8.183333333333333570e+00,-2.813283878330900822e-03
8.199999999999999289e+00,-1.722989814911440485e-03
8.216666666666666785e+00,-7.215230439369382451e-04
8.233333333333332504e+00,9.255507912404944908e-06
8.250000000000000000e+00,3.421544905846683792e-04
8.266666666666665719e+00,2.279785903887145246e-04
8.283333333333333215e+00,-2.962659104012600590e-04
8.300000000000000711e+00,-1.116130226156755549e-03
8.316666666666666430e+00,-2.063716900062090125e-03
8.333333333333333925e+00,-2.951816310801782216e-03
8.349999999999999645e+00,-3.611020098818135474e-03
8.366666666666667140e+00,-3.922304960646136145e-03
8.383333333333332860e+00,-3.838837348973866189e-03
8.400000000000000355e+00,-3.393117263931473213e-03
8.416666666666666075e+00,-2.688468946789910642e-03
8.433333333333333570e+00,-1.876729077954912648e-03
8.449999999999999289e+00,-1.126576954674214258e-03
8.466666666666666785e+00,-5.888272250049705935e-04
8.483333333333332504e+00,-3.657762952508787613e-04
8.500000000000000000e+00,-4.910555021655960053e-04
8.516666666666665719e+00,-9.243137154238626873e-04
8.533333333333333215e+00,-1.561787139477245319e-03
8.550000000000000711e+00,-2.260252318878845559e-03
8.566666666666666430e+00,-2.868814654100851954e-03
8.583333333333333925e+00,-3.261374163346280122e-03
8.599999999999999645e+00,-3.362729654560726866e-03
8.616666666666667140e+00,-3.162945719184719062e-03
8.633333333333332860e+00,-2.717303138586667655e-03
8.650000000000000355e+00,-2.132241837479953439e-03
8.666666666666666075e+00,-1.540591445756595490e-03
8.683333333333333570e+00,-1.071645057398658502e-03
8.699999999999999289e+00,-8.227213865594704134e-04
8.716666666666666785e+00,-8.385345619927869884e-04
8.733333333333332504e+00,-1.102912773271368108e-03
8.750000000000000000e+00,-1.544514295257791610e-03
8.766666666666665719e+00,-2.054906725148020197e-03
8.783333333333333215e+00,-2.514497506913810493e-03
8.800000000000000711e+00,-2.820089554957480159e-03
8.816666666666666430e+00,-2.907692742279810883e-03
8.833333333333333925e+00,-2.765564214633024764e-03
8.849999999999999645e+00,-2.434867591615247091e-03
8.866666666666667140e+00,-1.998224413432602656e-03
8.883333333333332860e+00,-1.559138180367072900e-03
8.900000000000000355e+00,-1.217291948018671714e-03
8.916666666666666075e+00,-1.045560441530649131e-03
8.933333333333333570e+00,-1.074061531485750228e-03
8.949999999999999289e+00,-1.284795574343574253e-03
8.966666666666666785e+00,-1.617803719148618166e-03
8.983333333333332504e+00,-1.986996508978969636e-03
9.000000000000000000e+00,-2.301533501927029157e-03
9.016666666666665719e+00,-2.487453836789244380e-03
9.033333333333333215e+00,-2.504416883429880659e-03
9.050000000000000711e+00,-2.353789692700591994e-03
9.066666666666666430e+00,-2.076521956523925180e-03
9.083333333333333925e+00,-1.741716401598111244e-03
9.099999999999999645e+00,-1.428967333427615116e-03
9.116666666666667140e+00,-1.208922086182220509e-03
9.133333333333332860e+00,-1.126788825864943368e-03
9.150000000000000355e+00,-1.192639338125867478e-03
9.166666666666666075e+00,-1.380569955556473901e-03
9.183333333333333570e+00,-1.636553029779112128e-03
9.199999999999999289e+00,-1.892713822791936657e-03
9.216666666666666785e+00,-2.084296787315837764e-03
9.233333333333332504e+00,-2.165101651370814496e-03
9.250000000000000000e+00,-2.117734165730865252e-03
9.266666666666665719e+00,-1.956437178367864422e-03
9.283333333333333215e+00,-1.722161066526780660e-03
9.300000000000000711e+00,-1.471415811836029614e-03
9.316666666666666430e+00,-1.261887856317950958e-03
9.333333333333333925e+00,-1.138455672395249961e-03
9.349999999999999645e+00,-1.122974399589208834e-03
9.366666666666667140e+00,-1.210125189429809992e-03
9.383333333333332860e+00,-1.370038916882520500e-03
9.400000000000000355e+00,-1.556725017445920482e-03
9.416666666666666075e+00,-1.719977352121222292e-03
9.433333333333333570e+00,-1.817700792729001801e-03
9.449999999999999289e+00,-1.825657296766796745e-03
9.466666666666666785e+00,-1.742407568452478952e-03
9.483333333333332504e+00,-1.588500391368352508e-03
9.500000000000000000e+00,-1.400400392343422286e-03
9.516666666666665719e+00,-1.220892797165736097e-03
9.533333333333333215e+00,-1.088468251922093417e-03
9.550000000000000711e+00,-1.028302438995226708e-03
9.566666666666666430e+00,-1.046915953362945271e-03
9.583333333333333925e+00,-1.131595709947881296e-03
9.599999999999999645e+00,-1.254453001002784002e-03
9.616666666666667140e+00,-1.379891352651273911e-03
9.633333333333332860e+00,-1.473510111914084044e-03
9.650000000000000355e+00,-1.510238414070048333e-03
9.666666666666666075e+00,-1.479802444022023690e-03
9.683333333333333570e+00,-1.388371887609789494e-03
9.699999999999999289e+00,-1.256208440930238045e-03
9.716666666666666785e+00,-1.112101457348639534e-03
9.733333333333332504e+00,-9.860975268642104778e-04
9.750000000000000000e+00,-9.023467388819821251e-04
9.766666666666665719e+00,-8.737489594088695532e-04
9.783333333333333215e+00,-8.995529073940476726e-04
9.800000000000000711e+00,-9.662931912599206745e-04
9.816666666666666430e+00,-1.051644195813465719e-03
9.833333333333333925e+00,-1.130116482259008789e-03
9.849999999999999645e+00,-1.179158529410474473e-03
9.866666666666667140e+00,-1.184221674304104582e-03
9.883333333333332860e+00,-1.141675650899258735e-03
9.900000000000000355e+00,-1.059029452841808499e-03
9.916666666666666075e+00,-9.525705128290776202e-04
9.933333333333333570e+00,-8.431255985525320986e-04
9.949999999999999289e+00,-7.510361985002261950e-04
9.966666666666666785e+00,-6.915497830664149494e-04
9.983333333333332504e+00,-6.716520686890269185e-04
1.000000000000000000e+01,-6.889668134095319535e-04
1.001666666666666572e+01,-7.328378220865916894e-04
1.003333333333333321e+01,-7.872078628223547420e-04
1.005000000000000071e+01,-8.345324306242117704e-04
1.006666666666666643e+01,-8.597856389678366039e-04
1.008333333333333393e+01,-8.536581833664454860e-04
1.009999999999999964e+01,-8.142874188898843865e-04
1.011666666666666714e+01,-7.472304459698870908e-04
1.013333333333333286e+01,-6.638005886626666607e-04
1.015000000000000036e+01,-5.782423347610474119e-04
1.016666666666666607e+01,-5.044434541203868380e-04
1.018333333333333357e+01,-4.529350608830778890e-04
1.019999999999999929e+01,-4.288130971716234518e-04
1.021666666666666679e+01,-4.309680811232433203e-04
1.023333333333333250e+01,-4.526989737776591157e-04
1.025000000000000000e+01,-4.834843133398292973e-04
1.026666666666666572e+01,-5.114533914830160727e-04
1.028333333333333321e+01,-5.259843681547282310e-04
1.030000000000000071e+01,-5.198704593967184420e-04
1.031666666666666643e+01,-4.906266637885973048e-04
1.033333333333333393e+01,-4.407213314119590576e-04
1.034999999999999964e+01,-3.767582671320047084e-04
1.036666666666666714e+01,-3.078531360899282483e-04
1.038333333333333286e+01,-2.435980275693151655e-04
1.040000000000000036e+01,-1.920638170978796128e-04
1.041666666666666607e+01,-1.582477563141106278e-04
1.043333333333333357e+01,-1.432509408278286880e-04
1.044999999999999929e+01,-1.442995978230660569e-04
1.046666666666666679e+01,-1.555446959248739348e-04
1.048333333333333250e+01,-1.694231389091315734e-04
1.050000000000000000e+01,-1.782684346837013411e-04
1.051666666666666572e+01,-1.758330457413846335e-04
1.053333333333333321e+01,-1.584279369687164739e-04
1.055000000000000071e+01,-1.254828804474818237e-04
1.056666666666666643e+01,-7.945989977138895983e-05
1.058333333333333393e+01,-2.518403931870655623e-05
1.059999999999999964e+01,3.123584481136797825e-05
1.061666666666666714e+01,8.365782168447110365e-05
1.063333333333333286e+01,1.270768004837726113e-04
1.065000000000000036e+01,1.584972012415976426e-04
1.066666666666666607e+01,1.773660814884818243e-04
1.068333333333333357e+01,1.855189110122721524e-04
1.069999999999999929e+01,1.866852431925076551e-04
1.071666666666666679e+01,1.856793646929312178e-04
1.073333333333333250e+01,1.874488835976561142e-04
1.075000000000000000e+01,1.961661675351007066e-04
1.076666666666666572e+01,2.145246839058936492e-04
1.078333333333333321e+01,2.433519102508666738e-04
1.080000000000000071e+01,2.815841818583749096e-04
1.081666666666666643e+01,3.265800700878299426e-04
1.083333333333333393e+01,3.746903253522518729e-04
1.084999999999999964e+01,4.219637156413480190e-04
1.086666666666666714e+01,4.648543343403835630e-04
1.088333333333333286e+01,5.008071833393229217e-04
1.090000000000000036e+01,5.286305943635095667e-04
1.091666666666666607e+01,5.486086985183900649e-04
1.093333333333333357e+01,5.623556432443847916e-04
1.094999999999999929e+01,5.724568914569182080e-04
1.096666666666666679e+01,5.819748222403130222e-04
1.098333333333333250e+01,5.939118201979801982e-04
1.100000000000000000e+01,6.107230163702217747e-04
1.101666666666666572e+01,6.339546671746708112e-04
1.103333333333333321e+01,6.640569719906285005e-04
1.105000000000000071e+01,7.003874713754383715e-04
1.106666666666666643e+01,7.413889213160544233e-04
1.108333333333333393e+01,7.848989305816006208e-04
1.109999999999999964e+01,8.285314419807716154e-04
1.111666666666666714e+01,8.700641597101233101e-04
1.113333333333333286e+01,9.077710698627576482e-04
1.115000000000000036e+01,9.406533050569520918e-04
1.116666666666666607e+01,9.685415787535809305e-04
1.118333333333333357e+01,9.920655177934364737e-04
1.119999999999999929e+01,1.012505821598458453e-03
1.121666666666666679e+01,1.031561302401787922e-03
1.123333333333333250e+01,1.051072568538453413e-03
1.125000000000000000e+01,1.072746644051461975e-03
1.126666666666666572e+01,1.097922564801215653e-03
1.128333333333333321e+01,1.127408300584932044e-03
1.130000000000000071e+01,1.161406218211089199e-03
1.131666666666666643e+01,1.199529998665659026e-03
1.133333333333333393e+01,1.240902647465970269e-03
1.134999999999999964e+01,1.284314791654038272e-03
1.136666666666666714e+01,1.328416026223012058e-03
1.138333333333333286e+01,1.371910127245043118e-03
1.140000000000000036e+01,1.413727260310321514e-03
1.141666666666666607e+01,1.453152075401068942e-03
1.143333333333333357e+01,1.489894600988167072e-03
1.144999999999999929e+01,1.524099773675557544e-03
1.146666666666666679e+01,1.556299955117689069e-03
1.148333333333333250e+01,1.587321806205004276e-03
1.150000000000000000e+01,1.618163658395936448e-03
1.151666666666666572e+01,1.649861683551140899e-03
1.153333333333333321e+01,1.683362741972954961e-03
1.155000000000000071e+01,1.719419139375711301e-03
1.156666666666666643e+01,1.758516244465359096e-03
1.158333333333333393e+01,1.800838740910507127e-03
1.159999999999999964e+01,1.846275965745857069e-03
1.161666666666666714e+01,1.894462000489273087e-03
1.163333333333333286e+01,1.944842459459923678e-03
1.165000000000000036e+01,1.996757590806148841e-03
1.166666666666666607e+01,2.049530483902874730e-03
1.168333333333333357e+01,2.102549776219625032e-03
1.169999999999999929e+01,2.155338025660119561e-03
1.171666666666666679e+01,2.207599504311845949e-03
1.173333333333333250e+01,2.259244170700843747e-03
1.175000000000000000e+01,2.310387591077503033e-03
1.176666666666666572e+01,2.361329260458493000e-03
1.178333333333333321e+01,2.401009090221328194e-03
1.180000000000000071e+01,2.419948928326291163e-03
1.181666666666666643e+01,2.414070087374836898e-03
1.183333333333333393e+01,2.385397414852998780e-03
1.184999999999999964e+01,2.341265143156113625e-03
1.186666666666666714e+01,2.292290699082241093e-03
1.188333333333333286e+01,2.249664533736959755e-03
1.190000000000000036e+01,2.222440178089471127e-03
1.191666666666666607e+01,2.215473903158443354e-03
1.193333333333333357e+01,2.228474718290827244e-03
1.194999999999999929e+01,2.256335971768508915e-03
1.196666666666666679e+01,2.290604057656482357e-03
1.198333333333333250e+01,2.321674684599649673e-03
1.200000000000000000e+01,2.341153433022138443e-03
1.201666666666666572e+01,2.343806589677095709e-03
1.203333333333333321e+01,2.328655583121144040e-03
1.205000000000000071e+01,2.298996256400878159e-03
1.206666666666666643e+01,2.261392903981353838e-03
1.208333333333333393e+01,2.223940088921525296e-03
1.209999999999999964e+01,2.194245959741282590e-03
1.211666666666666714e+01,2.177634468541639855e-03
1.213333333333333286e+01,2.175986180899983774e-03
1.215000000000000036e+01,2.187463035184878616e-03
1.216666666666666607e+01,2.207138131440649145e-03
1.218333333333333357e+01,2.228333735178490878e-03
1.219999999999999929e+01,2.244310962313606633e-03
1.221666666666666679e+01,2.249888369927590965e-03
1.223333333333333250e+01,2.242605197143227036e-03
1.225000000000000000e+01,2.223173627796265223e-03
1.226666666666666572e+01,2.195147794034564819e-03
1.228333333333333321e+01,2.163928535670401557e-03
1.230000000000000071e+01,2.135376123419160336e-03
1.231666666666666643e+01,2.114383282538885144e-03
1.233333333333333393e+01,2.103752480005367884e-03
1.234999999999999964e+01,2.103631066315709772e-03
1.236666666666666714e+01,2.111611314203621671e-03
1.238333333333333286e+01,2.123437635976706782e-03
1.240000000000000036e+01,2.134120719152034999e-03
1.241666666666666607e+01,2.139170956842587935e-03
1.243333333333333357e+01,2.135649540563272410e-03
1.244999999999999929e+01,2.122794597687680928e-03
1.246666666666666679e+01,2.102093908783363857e-03
1.248333333333333250e+01,2.076814841665883000e-03
1.250000000000000000e+01,2.051131684759658572e-03
1.251666666666666572e+01,2.029079931447254868e-03
1.253333333333333321e+01,2.013596884229507198e-03
1.255000000000000071e+01,2.005874097896197163e-03
1.256666666666666643e+01,2.005161008549062596e-03
1.258333333333333393e+01,2.009043907689553581e-03
1.259999999999999964e+01,2.014109290456546006e-03
1.261666666666666714e+01,2.016813124257583068e-03
1.263333333333333286e+01,2.014337288088230947e-03
1.265000000000000036e+01,2.005228600535220902e-03
1.266666666666666607e+01,1.989678344196862785e-03
1.268333333333333357e+01,1.969393539000121283e-03
1.269999999999999929e+01,1.947111523839270206e-03
1.271666666666666679e+01,1.925892267966476928e-03
1.273333333333333250e+01,1.908369275922714835e-03
1.275000000000000000e+01,1.896140693461198772e-03
1.276666666666666572e+01,1.889439408432133736e-03
1.278333333333333321e+01,1.887147041656122822e-03
1.280000000000000071e+01,1.887131024902861031e-03
1.281666666666666643e+01,1.886807599496311428e-03
1.283333333333333393e+01,1.883784363206003577e-03
1.284999999999999964e+01,1.876424357203525456e-03
1.286666666666666714e+01,1.864200501739957626e-03
1.288333333333333286e+01,1.847766083279270017e-03
1.290000000000000036e+01,1.828738808486212114e-03
1.291666666666666607e+01,1.809264705844456766e-03
1.293333333333333357e+01,1.791477548798414785e-03
1.294999999999999929e+01,1.776988641071389511e-03
1.296666666666666679e+01,1.766527686194054427e-03
1.298333333333333250e+01,1.759813132530107594e-03
1.300000000000000000e+01,1.755671418330613303e-03
1.301666666666666572e+01,1.752363912830824004e-03
1.303333333333333321e+01,1.748032670936889438e-03
1.304999999999999893e+01,1.741152157852380407e-03
1.306666666666666643e+01,1.730878394379901713e-03
1.308333333333333393e+01,1.717217061556335165e-03
1.309999999999999964e+01,1.700979466824070318e-03
1.311666666666666714e+01,1.683547687023381843e-03
1.313333333333333286e+01,1.666514849646077686e-03
1.315000000000000036e+01,1.651293087854977708e-03
1.316666666666666607e+01,1.638784755530680020e-03
1.318333333333333357e+01,1.629192478945549680e-03
1.319999999999999929e+01,1.622006517186120591e-03
1.321666666666666679e+01,1.616163463157573596e-03
1.323333333333333250e+01,1.610329562081241114e-03
1.325000000000000000e+01,1.603234433410918522e-03
1.326666666666666572e+01,1.593972669395676616e-03
1.328333333333333321e+01,1.582202668138402678e-03
1.329999999999999893e+01,1.568200268669923177e-03
1.331666666666666643e+01,1.552761702380253510e-03
1.333333333333333393e+01,1.536986762159772528e-03
1.334999999999999964e+01,1.522000226435503509e-03
1.336666666666666714e+01,1.508681426491153589e-03
1.338333333333333286e+01,1.497466347690373269e-03
1.340000000000000036e+01,1.488266006475649468e-03
1.341666666666666607e+01,1.480514762373796303e-03
1.343333333333333357e+01,1.473330395093527031e-03
1.344999999999999929e+01,1.465741916755105212e-03
1.346666666666666679e+01,1.456927092067365022e-03
1.348333333333333250e+01,1.446402257051286350e-03
1.350000000000000000e+01,1.434121370277783702e-03
1.351666666666666572e+01,1.420465166236874405e-03
1.353333333333333321e+01,1.406128586056338853e-03
1.354999999999999893e+01,1.391938621987861505e-03
1.356666666666666643e+01,1.378649756553617951e-03
1.358333333333333393e+01,1.366767152232040844e-03
1.359999999999999964e+01,1.356438552646016798e-03
1.361666666666666714e+01,1.347437312436812256e-03
1.363333333333333286e+01,1.339235998455479354e-03
1.365000000000000036e+01,1.331148329729868289e-03
1.366666666666666607e+01,1.322501975820758414e-03
1.368333333333333357e+01,1.312799240293952832e-03
1.369999999999999929e+01,1.301827739436322261e-03
1.371666666666666679e+01,1.289697091382762924e-03
1.373333333333333250e+01,1.276796577920403554e-03
1.375000000000000000e+01,1.263687934262203074e-03
1.376666666666666572e+01,1.250962249239044762e-03
1.378333333333333321e+01,1.239097088048762060e-03
1.379999999999999893e+01,1.228348063994964042e-03
1.381666666666666643e+01,1.218699093925916912e-03
1.383333333333333393e+01,1.209880280033149213e-03
1.384999999999999964e+01,1.201445701672274524e-03
1.386666666666666714e+01,1.192889436224866704e-03
1.388333333333333286e+01,1.183770067296857327e-03
1.390000000000000036e+01,1.173813413756953942e-03
1.391666666666666607e+01,1.162969967689038951e-03
1.393333333333333357e+01,1.151415575380462276e-03
1.394999999999999929e+01,1.139498077940131419e-03
1.396666666666666679e+01,1.127645440060340200e-03
1.398333333333333250e+01,1.116259336169682457e-03
1.400000000000000000e+01,1.105620431878845053e-03
1.401666666666666572e+01,1.095827464743162746e-03
1.403333333333333321e+01,1.086783007459552093e-03
1.404999999999999893e+01,1.078226956428449948e-03
1.406666666666666643e+01,1.069807299296909398e-03
1.408333333333333393e+01,1.061169312003795674e-03
1.409999999999999964e+01,1.052040875986326408e-03
1.411666666666666714e+01,1.042293667855907421e-03
1.413333333333333286e+01,1.031966782852474949e-03
1.415000000000000036e+01,1.021249037248308286e-03
1.416666666666666607e+01,1.010426287183654060e-03
1.418333333333333357e+01,9.998081630060505313e-04
1.419999999999999929e+01,9.896528202657506584e-04
1.421666666666666679e+01,9.801078399684622165e-04
1.423333333333333250e+01,9.711806207838123576e-04
1.425000000000000000e+01,9.627438617424601127e-04
1.426666666666666572e+01,9.545730411630242796e-04
1.428333333333333321e+01,9.464052873078610852e-04
1.429999999999999893e+01,9.380044482326256984e-04
1.431666666666666643e+01,9.292164536234965829e-04
1.433333333333333393e+01,9.200021948443511078e-04
1.434999999999999964e+01,9.104411848491596399e-04
1.436666666666666714e+01,9.007066035435632497e-04
1.438333333333333286e+01,8.910191603808939511e-04
1.440000000000000036e+01,8.815919049396780255e-04
1.441666666666666607e+01,8.725796698654369457e-04
1.443333333333333357e+01,8.640450261635800088e-04
1.444999999999999929e+01,8.559480711848060268e-04
1.446666666666666679e+01,8.481612871861934997e-04
1.448333333333333250e+01,8.405046378833375695e-04
1.450000000000000000e+01,8.327914659829340318e-04
1.451666666666666572e+01,8.248736452659162759e-04
1.453333333333333321e+01,8.166752052670367629e-04
1.454999999999999893e+01,8.082069559657242309e-04
1.456666666666666643e+01,7.995595720233844225e-04
1.458333333333333393e+01,7.908778867533961324e-04
1.459999999999999964e+01,7.823235091947623341e-04
1.461666666666666714e+01,7.740353148780655277e-04
1.463333333333333286e+01,7.660973858119760971e-04
1.465000000000000036e+01,7.585217043032159651e-04
1.466666666666666607e+01,7.512489991279995604e-04
1.468333333333333357e+01,7.441666202860334643e-04
1.469999999999999929e+01,7.371382950277661356e-04
1.471666666666666679e+01,7.300380319029353910e-04
1.473333333333333250e+01,7.227798379594000018e-04
1.475000000000000000e+01,7.153363404124656955e-04
1.476666666666666572e+01,7.077424134635509683e-04
1.478333333333333321e+01,7.000837020156340995e-04
1.479999999999999893e+01,6.924735586912007064e-04
1.481666666666666643e+01,6.850245086687945916e-04
1.483333333333333393e+01,6.778213579127401363e-04
1.484999999999999964e+01,6.709023055268003872e-04
1.486666666666666714e+01,6.642521801941377643e-04
1.488333333333333286e+01,6.578088063258059979e-04
1.490000000000000036e+01,6.514803082419020177e-04
1.491666666666666607e+01,6.451686508299176283e-04
1.493333333333333357e+01,6.387934592260176942e-04
1.494999999999999929e+01,6.323103954728074650e-04
1.496666666666666679e+01,6.257199647467235389e-04
1.498333333333333250e+01,6.190651265313796897e-04
1.500000000000000000e+01,6.124188512207663897e-04
1.501666666666666572e+01,6.058651141524122683e-04
1.503333333333333321e+01,5.994782144839798073e-04
1.504999999999999893e+01,5.933054597643632171e-04
1.506666666666666643e+01,5.873571947608716495e-04
1.508333333333333393e+01,5.816061913300378874e-04
1.509999999999999964e+01,5.759960706009124376e-04
1.511666666666666714e+01,5.704562810039710699e-04
1.513333333333333286e+01,5.649197103518656437e-04
1.515000000000000036e+01,5.593385779644329762e-04
1.516666666666666607e+01,5.536948858982272551e-04
1.518333333333333357e+01,5.480032009382002469e-04
1.519999999999999929e+01,5.423054898544573234e-04
1.521666666666666679e+01,5.366596487870411124e-04
1.523333333333333250e+01,5.311247954467066641e-04
1.525000000000000000e+01,5.257470128467405098e-04
1.526666666666666572e+01,5.205489379207172383e-04
1.528333333333333321e+01,5.155254948546096226e-04
1.529999999999999893e+01,5.106464838117671413e-04
1.531666666666666643e+01,5.058650569106835047e-04
1.533333333333333393e+01,5.011297516725388883e-04
1.534999999999999964e+01,4.963970178875313924e-04
1.536666666666666714e+01,4.916412110747790925e-04
1.538333333333333286e+01,4.868597863672335046e-04
1.540000000000000036e+01,4.820726917582784823e-04
1.541666666666666607e+01,4.773164004489180391e-04
1.543333333333333357e+01,4.726342843578060617e-04
1.544999999999999929e+01,4.680658212656709600e-04
1.546666666666666679e+01,4.636372810981608406e-04
1.548333333333333250e+01,4.593560481759824204e-04
1.550000000000000000e+01,4.552097555379886027e-04
1.551666666666666572e+01,4.511701946507412500e-04
1.553333333333333321e+01,4.472008213514326960e-04
1.554999999999999893e+01,4.432658769324801149e-04
1.556666666666666643e+01,4.393388567561118028e-04
1.558333333333333393e+01,4.354083301928473779e-04
1.559999999999999964e+01,4.314798516651497740e-04
1.561666666666666714e+01,4.275737032085197287e-04
1.563333333333333286e+01,4.237192210290901314e-04
1.565000000000000036e+01,4.199472389358331376e-04
1.566666666666666607e+01,4.162825550039477712e-04
1.568333333333333357e+01,4.127382255337815422e-04
1.569999999999999929e+01,4.093129609585195185e-04
1.571666666666666679e+01,4.059920903585835560e-04
1.573333333333333250e+01,4.027516824166581960e-04
1.575000000000000000e+01,3.995646751802852553e-04
1.576666666666666572e+01,3.964074438566891835e-04
1.578333333333333321e+01,3.932652105960795933e-04
1.579999999999999893e+01,3.901350586952844770e-04
1.581666666666666643e+01,3.870259504983751455e-04
1.583333333333333393e+01,3.839558967564804938e-04
1.584999999999999964e+01,3.809471003087011478e-04
1.586666666666666714e+01,3.780203406098436771e-04
1.588333333333333286e+01,3.751899832856151504e-04
1.590000000000000036e+01,3.724607788890726186e-04
1.591666666666666607e+01,3.698271272168228863e-04
1.593333333333333357e+01,3.672748584029003637e-04
1.594999999999999929e+01,3.647849763128314113e-04
1.596666666666666679e+01,3.623383676667124771e-04
1.598333333333333250e+01,3.599202994657985772e-04
1.600000000000000000e+01,3.575236377664805219e-04
1.601666666666666572e+01,3.551500813844143847e-04
1.603333333333333144e+01,3.528092156371992754e-04
1.605000000000000071e+01,3.505157235071947215e-04
1.606666666666666643e+01,3.482855160263643697e-04
1.608333333333333215e+01,3.461317640196267089e-04
1.610000000000000142e+01,3.440617871488822603e-04
1.611666666666666714e+01,3.420755022613635832e-04
1.613333333333333286e+01,3.401657237707195387e-04
1.614999999999999858e+01,3.383201501431865391e-04
1.616666666666666785e+01,3.365244749377292190e-04
1.618333333333333357e+01,3.347658198634651471e-04
1.619999999999999929e+01,3.330356508716606303e-04
1.621666666666666501e+01,3.313315047483161987e-04
1.623333333333333428e+01,3.296571728366036631e-04
1.625000000000000000e+01,3.280213761660783303e-04
1.626666666666666572e+01,3.264353260316017551e-04
1.628333333333333144e+01,3.249098111514332017e-04
1.630000000000000071e+01,3.234525334506201631e-04
1.631666666666666643e+01,3.220663183017999863e-04
1.633333333333333215e+01,3.207485837553617977e-04
1.635000000000000142e+01,3.194921320879950521e-04
1.636666666666666714e+01,3.182870069175571274e-04
1.638333333333333286e+01,3.171229168171236612e-04
1.639999999999999858e+01,3.159916159319144167e-04
1.641666666666666785e+01,3.148886733308714036e-04
1.643333333333333357e+01,3.138142381348653300e-04
1.644999999999999929e+01,3.127726680440908640e-04
1.646666666666666501e+01,3.117711679672812179e-04
1.648333333333333428e+01,3.108178152220993150e-04
1.650000000000000000e+01,3.099194756703203238e-04
1.651666666666666572e+01,3.090801156964199351e-04
1.653333333333333144e+01,3.082998944635093877e-04
1.655000000000000071e+01,3.075752143970622598e-04
1.656666666666666643e+01,3.068996691968160339e-04
1.658333333333333215e+01,3.062656166821471973e-04
1.660000000000000142e+01,3.056659678827090333e-04
1.661666666666666714e+01,3.050957526979368754e-04
1.663333333333333286e+01,3.045530982982362460e-04
1.664999999999999858e+01,3.040394156249941453e-04
1.666666666666666785e+01,3.035587894935521270e-04
1.668333333333333357e+01,3.031167588719394391e-04
1.669999999999999929e+01,3.027188105741114100e-04
1.671666666666666501e+01,3.023689618804873856e-04
1.673333333333333428e+01,3.020687672358179096e-04
1.675000000000000000e+01,3.018169655474180050e-04
1.676666666666666572e+01,3.016098201136143265e-04
1.678333333333333144e+01,3.014420345963927180e-04
1.680000000000000071e+01,3.013079963303242942e-04
1.681666666666666643e+01,3.012030324381516615e-04
1.683333333333333215e+01,3.011243771136800718e-04
1.685000000000000142e+01,3.010716329495413896e-04
1.686666666666666714e+01,3.010466414461577091e-04
1.688333333333333286e+01,3.010528237219500282e-04
1.689999999999999858e+01,3.010941763045372273e-04
1.691666666666666785e+01,3.011741801548389365e-04
1.693333333333333357e+01,3.012948887703596279e-04
1.694999999999999929e+01,3.014564048119714010e-04
1.696666666666666501e+01,3.016568509695470254e-04
1.698333333333333428e+01,3.018928169831341956e-04
1.700000000000000000e+01,3.021601515523433140e-04
1.701666666666666572e+01,3.024548918810186521e-04
1.703333333333333144e+01,3.027741011379302908e-04
1.705000000000000071e+01,3.031164178358691243e-04
1.706666666666666643e+01,3.034822001088346055e-04
1.708333333333333215e+01,3.038732508791438169e-04
1.710000000000000142e+01,3.042922110482077251e-04
1.711666666666666714e+01,3.047417829753527136e-04
1.713333333333333286e+01,3.052239789439503454e-04
1.714999999999999858e+01,3.057395734475521062e-04
1.716666666666666785e+01,3.062878802134942993e-04
1.718333333333333357e+01,3.068668909291154072e-04
1.719999999999999929e+01,3.074737240850640993e-04
1.721666666666666501e+01,3.081052606539334739e-04
1.723333333333333428e+01,3.087588048057330302e-04
1.725000000000000000e+01,3.094326100715259049e-04
1.726666666666666572e+01,3.101261517062578856e-04
1.728333333333333144e+01,3.108400928704344317e-04
1.730000000000000071e+01,3.115759682782823399e-04
1.731666666666666643e+01,3.123356754634411042e-04
1.733333333333333215e+01,3.131209053398661827e-04
1.735000000000000142e+01,3.139326516010373979e-04
1.736666666666666714e+01,3.147709125280363936e-04
1.738333333333333286e+01,3.156346469078283789e-04
1.739999999999999858e+01,3.165219817393206980e-04
1.741666666666666785e+01,3.174306091869038855e-04
1.743333333333333357e+01,3.183582680644221445e-04
1.744999999999999929e+01,3.193031901896978687e-04
1.746666666666666501e+01,3.202644064385853787e-04
1.748333333333333428e+01,3.212418462843470127e-04
1.750000000000000000e+01,3.222362174544351511e-04
1.751666666666666572e+01,3.232487057054102253e-04
1.753333333333333144e+01,3.242805757923857544e-04
1.755000000000000071e+01,3.253327742721537786e-04
1.756666666666666643e+01,3.264056292334939122e-04
1.758333333333333215e+01,3.274987139963089224e-04
1.760000000000000142e+01,3.286108991276818266e-04
1.761666666666666714e+01,3.297405707609790855e-04
1.763333333333333286e+01,3.308859544695206189e-04
1.764999999999999858e+01,3.320454617345479993e-04
1.766666666666666785e+01,3.332179748419373351e-04
1.768333333333333357e+01,3.344030050668082366e-04
1.769999999999999929e+01,3.356006926740613639e-04
1.771666666666666501e+01,3.368116567655746619e-04
1.773333333333333428e+01,3.380367385781941555e-04
1.775000000000000000e+01,3.392767051567277775e-04
1.776666666666666572e+01,3.405319864256101765e-04
1.778333333333333144e+01,3.418025069745242559e-04
1.780000000000000071e+01,3.430876480655923504e-04
1.781666666666666643e+01,3.443863423629951238e-04
1.783333333333333215e+01,3.456972719546493457e-04
1.785000000000000142e+01,3.470191169765915592e-04
1.786666666666666714e+01,3.483507926982065922e-04
1.788333333333333286e+01,3.496916188442781323e-04
1.789999999999999858e+01,3.510413840204957029e-04
1.791666666666666785e+01,3.524002951295963264e-04
1.793333333333333357e+01,3.537688297378026813e-04
1.794999999999999929e+01,3.551475316961475522e-04
1.796666666666666501e+01,3.565368018738119421e-04
1.798333333333333428e+01,3.579367344007534230e-04
1.800000000000000000e+01,3.593470353542996070e-04
1.801666666666666572e+01,3.607670391940756755e-04
1.803333333333333144e+01,3.621958140497805439e-04
1.805000000000000071e+01,3.636323261253402383e-04
1.806666666666666643e+01,3.650756208259463937e-04
1.808333333333333215e+01,3.665249763576799427e-04
1.810000000000000142e+01,3.679799943911993146e-04
1.811666666666666714e+01,3.694406092585848941e-04
1.813333333333333286e+01,3.709070176145023230e-04
1.814999999999999858e+01,3.723795494540514781e-04
1.816666666666666785e+01,3.738585143721265681e-04
1.818333333333333357e+01,3.753440611624748275e-04
1.819999999999999929e+01,3.768360837253118076e-04
1.821666666666666501e+01,3.783341934821242837e-04
1.823333333333333428e+01,3.798377615344105665e-04
1.825000000000000000e+01,3.813460169259476405e-04
1.826666666666666572e+01,3.828581746160453366e-04
1.828333333333333144e+01,3.843735609906865497e-04
1.830000000000000071e+01,3.858917069606241246e-04
1.831666666666666643e+01,3.874123879824927690e-04
1.833333333333333215e+01,3.889356041057746567e-04
1.835000000000000142e+01,3.904615078702798354e-04
1.836666666666666714e+01,3.919902999782933915e-04
1.838333333333333286e+01,3.935221193763954782e-04
1.839999999999999858e+01,3.950569543704688497e-04
1.841666666666666785e+01,3.965945950059159616e-04
1.843333333333333357e+01,3.981346360304188910e-04
1.844999999999999929e+01,3.996765271622673026e-04
1.846666666666666501e+01,4.012196562180985458e-04
1.848333333333333428e+01,4.027634435120362255e-04
1.850000000000000000e+01,4.043074243331267045e-04
1.851666666666666572e+01,4.058513003411416470e-04
1.853333333333333144e+01,4.073949491409178752e-04
1.855000000000000071e+01,4.089383918621326613e-04
1.856666666666666643e+01,4.104817286432164308e-04
1.858333333333333215e+01,4.120250591068971109e-04
1.860000000000000142e+01,4.135684076442402578e-04
1.861666666666666714e+01,4.151116711662541014e-04
1.863333333333333286e+01,4.166546007022630771e-04
1.864999999999999858e+01,4.181968195359443349e-04
1.866666666666666785e+01,4.197378716777692411e-04
1.868333333333333357e+01,4.212772875179089075e-04
1.869999999999999929e+01,4.228146500537256183e-04
1.871666666666666501e+01,4.243496457912084583e-04
1.873333333333333428e+01,4.258820888985909484e-04
1.875000000000000000e+01,4.274119141798977885e-04
1.876666666666666572e+01,4.289391421320718802e-04
1.878333333333333144e+01,4.304638258739382087e-04
1.880000000000000071e+01,4.319859935820980173e-04
1.881666666666666643e+01,4.335056004539927245e-04
1.883333333333333215e+01,4.350225012237125691e-04
1.885000000000000142e+01,4.365364487716710926e-04
1.886666666666666714e+01,4.380471178353054803e-04
1.888333333333333286e+01,4.395541468630347949e-04
1.889999999999999858e+01,4.410571870592206681e-04
1.891666666666666785e+01,4.425559465003448098e-04
1.893333333333333357e+01,4.440502189983685176e-04
1.894999999999999929e+01,4.455398915663825207e-04
1.896666666666666501e+01,4.470249297805364386e-04
1.898333333333333428e+01,4.485053456650834464e-04
1.900000000000000000e+01,4.499811566803015050e-04
1.901666666666666572e+01,4.514523460898609529e-04
1.903333333333333144e+01,4.529188341320894255e-04
1.905000000000000071e+01,4.543804663524312237e-04
1.906666666666666643e+01,4.558370210194732778e-04
1.908333333333333215e+01,4.572882328763558163e-04
1.910000000000000142e+01,4.587338267042426741e-04
1.911666666666666714e+01,4.601735521542186960e-04
1.913333333333333286e+01,4.616072114335579451e-04
1.914999999999999858e+01,4.630346735713384339e-04
1.916666666666666785e+01,4.644558725229545599e-04
1.918333333333333357e+01,4.658707903844765737e-04
1.919999999999999929e+01,4.672794304916377491e-04
1.921666666666666501e+01,4.686817873597855862e-04
1.923333333333333428e+01,4.700778208251496092e-04
1.925000000000000000e+01,4.714674403674938173e-04
1.926666666666666572e+01,4.728505028511674718e-04
1.928333333333333144e+01,4.742268235415074591e-04
1.930000000000000071e+01,4.755961970800177832e-04
1.931666666666666643e+01,4.769584228831098599e-04
1.933333333333333215e+01,4.783133286504772340e-04
1.935000000000000142e+01,4.796607864419735810e-04
1.936666666666666714e+01,4.810007178442791183e-04
1.938333333333333286e+01,4.823330875391737094e-04
1.939999999999999858e+01,4.836578873996550819e-04
1.941666666666666785e+01,4.849751154019082012e-04
1.943333333333333357e+01,4.862847546659950274e-04
1.944999999999999929e+01,4.875867576374537274e-04
1.946666666666666501e+01,4.888810389359983435e-04
1.948333333333333428e+01,4.901674781414520074e-04
1.950000000000000000e+01,4.914459313414439295e-04
1.951666666666666572e+01,4.927162482254079240e-04
1.953333333333333144e+01,4.939782903434943159e-04
1.955000000000000071e+01,4.952319460921284161e-04
1.956666666666666643e+01,4.964771389975082159e-04
1.958333333333333215e+01,4.977138276482141743e-04
1.960000000000000142e+01,4.989419977131310038e-04
1.961666666666666714e+01,5.001616483550106818e-04
1.963333333333333286e+01,5.013727765759771722e-04
1.964999999999999858e+01,5.025753633472080121e-04
1.966666666666666785e+01,5.037693647521907393e-04
1.968333333333333357e+01,5.049547100076056099e-04
1.969999999999999929e+01,5.061313064831876206e-04
1.971666666666666501e+01,5.072990501584801349e-04
1.973333333333333428e+01,5.084578387311298239e-04
1.975000000000000000e+01,5.096075840968531615e-04
1.976666666666666572e+01,5.107482212385210975e-04
1.978333333333333144e+01,5.118797115724862869e-04
1.980000000000000071e+01,5.130020402273702956e-04
1.981666666666666643e+01,5.141152082113558102e-04
1.983333333333333215e+01,5.152192216002281049e-04
1.985000000000000142e+01,5.163140804841700321e-04
1.986666666666666714e+01,5.173997703301777768e-04
1.988333333333333286e+01,5.184762577033758110e-04
1.989999999999999858e+01,5.195434911471722176e-04
1.991666666666666785e+01,5.206014067457166283e-04
1.993333333333333357e+01,5.216499367939462410e-04
1.994999999999999929e+01,5.226890193359577576e-04
1.996666666666666501e+01,5.237186062379160442e-04
1.998333333333333428e+01,5.247386679310672968e-04
2.000000000000000000e+01,5.257491938534647989e-04
2.001666666666666572e+01,5.267501886985148044e-04
2.003333333333333144e+01,5.277416655779817002e-04
2.005000000000000071e+01,5.287236378904059016e-04
2.006666666666666643e+01,5.296961119049704977e-04
2.008333333333333215e+01,5.306590817975821110e-04
2.010000000000000142e+01,5.316125282003248331e-04
2.011666666666666714e+01,5.325564204293502983e-04
2.013333333333333286e+01,5.334907216666896941e-04
2.014999999999999858e+01,5.344153957002956623e-04
2.016666666666666785e+01,5.353304135241547914e-04
2.018333333333333357e+01,5.362357582197256438e-04
2.019999999999999929e+01,5.371314270323295729e-04
2.021666666666666501e+01,5.380174302829541328e-04
2.023333333333333428e+01,5.388937875329984821e-04
2.025000000000000000e+01,5.397605220561205782e-04
2.026666666666666572e+01,5.406176550238346156e-04
2.028333333333333144e+01,5.414652008086209053e-04
2.030000000000000071e+01,5.423031644694508097e-04
2.031666666666666643e+01,5.431315419073060036e-04
2.033333333333333215e+01,5.439503225141570581e-04
2.035000000000000142e+01,5.447594935498866354e-04
2.036666666666666714e+01,5.455590451068734626e-04
2.038333333333333286e+01,5.463489744385571821e-04
2.039999999999999858e+01,5.471292886431450156e-04
2.041666666666666785e+01,5.479000051388162752e-04
2.043333333333333357e+01,5.486611499246239147e-04
2.044999999999999929e+01,5.494127541522662340e-04
2.046666666666666501e+01,5.501548499120134531e-04
2.048333333333333428e+01,5.508874662784786231e-04
2.050000000000000000e+01,5.516106265468115159e-04
2.051666666666666572e+01,5.523243472571367618e-04
2.053333333333333144e+01,5.530286391465715021e-04
2.055000000000000071e+01,5.537235096988812975e-04
2.056666666666666643e+01,5.544089665959532837e-04
2.058333333333333215e+01,5.550850211943146161e-04
2.060000000000000142e+01,5.557516911885975125e-04
2.061666666666666714e+01,5.564090018611504533e-04
2.063333333333333286e+01,5.570569856861363372e-04
2.064999999999999858e+01,5.576956804628687564e-04
2.066666666666666785e+01,5.583251264964478973e-04
2.068333333333333357e+01,5.589453635459182322e-04
2.069999999999999929e+01,5.595564282792413972e-04
2.071666666666666501e+01,5.601583528155882133e-04
2.073333333333333428e+01,5.607511646454258316e-04
2.075000000000000000e+01,5.613348878737948067e-04
2.076666666666666572e+01,5.619095454181522419e-04
2.078333333333333144e+01,5.624751615819962615e-04
2.080000000000000071e+01,5.630317643648777856e-04
2.081666666666666643e+01,5.635793869649128370e-04
2.083333333333333215e+01,5.641180681512513069e-04
2.085000000000000142e+01,5.646478514709017509e-04
2.086666666666666714e+01,5.651687835355398426e-04
2.088333333333333286e+01,5.656809118420973170e-04
2.089999999999999858e+01,5.661842826693765790e-04
2.091666666666666785e+01,5.666789395474115896e-04
2.093333333333333357e+01,5.671649226338424743e-04
2.094999999999999929e+01,5.676422690972592706e-04
2.096666666666666501e+01,5.681110143610342217e-04
2.098333333333333428e+01,5.685711938625972279e-04
2.100000000000000000e+01,5.690228448769729360e-04
2.101666666666666572e+01,5.694660079609494170e-04
2.103333333333333144e+01,5.699007276877861424e-04
2.105000000000000071e+01,5.703270525289582098e-04
2.106666666666666643e+01,5.707450339511621921e-04
2.108333333333333215e+01,5.711547249817825475e-04
2.110000000000000142e+01,5.715561786099169778e-04
2.111666666666666714e+01,5.719494464115322876e-04
2.113333333333333286e+01,5.723345777132983958e-04
2.114999999999999858e+01,5.727116194651844967e-04
2.116666666666666785e+01,5.730806168130785951e-04
2.118333333333333357e+01,5.734416141954928057e-04
2.119999999999999929e+01,5.737946566719758857e-04
2.121666666666666501e+01,5.741397911498593697e-04
2.123333333333333428e+01,5.744770672175496641e-04
2.125000000000000000e+01,5.748065374015160541e-04
2.126666666666666572e+01,5.751282568116442701e-04
2.128333333333333144e+01,5.754422822878893637e-04
2.130000000000000071e+01,5.757486712750605525e-04
2.131666666666666643e+01,5.760474807061376516e-04
2.133333333333333215e+01,5.763387661584839020e-04
2.135000000000000142e+01,5.766225814681122082e-04
2.136666666666666714e+01,5.768989788685202624e-04
2.138333333333333286e+01,5.771680095913054795e-04
2.139999999999999858e+01,5.774297247581492917e-04
2.141666666666666785e+01,5.776841763331128999e-04
2.143333333333333357e+01,5.779314179009139131e-04
2.144999999999999929e+01,5.781715050909180288e-04
2.146666666666666501e+01,5.784044955603547152e-04
2.148333333333333428e+01,5.786304485604438965e-04
2.150000000000000000e+01,5.788494242078740014e-04
2.151666666666666572e+01,5.790614826484921001e-04
2.153333333333333144e+01,5.792666833163021348e-04
2.155000000000000071e+01,5.794650844580378221e-04
2.156666666666666643e+01,5.796567430210836872e-04
2.158333333333333215e+01,5.798417149104951630e-04
2.160000000000000142e+01,5.800200555324132963e-04
2.161666666666666714e+01,5.801918204764444642e-04
2.163333333333333286e+01,5.803570661640298622e-04
2.164999999999999858e+01,5.805158503065900935e-04
2.166666666666666785e+01,5.806682320709249815e-04
2.168333333333333357e+01,5.808142719246275898e-04
2.169999999999999929e+01,5.809540312124189965e-04
2.171666666666666501e+01,5.810875715761058781e-04
2.173333333333333428e+01,5.812149543628289264e-04
2.175000000000000000e+01,5.813362401616482779e-04
2.176666666666666572e+01,5.814514885706887617e-04
2.178333333333333144e+01,5.815607582366322898e-04
2.180000000000000071e+01,5.816641071410551082e-04
2.181666666666666643e+01,5.817615930502512437e-04
2.183333333333333215e+01,5.818532740102631698e-04
2.185000000000000142e+01,5.819392087639261354e-04
2.186666666666666714e+01,5.820194569918819708e-04
2.188333333333333286e+01,5.820940793266736078e-04
2.189999999999999858e+01,5.821631371457501765e-04
2.191666666666666785e+01,5.822266922023321611e-04
2.193333333333333357e+01,5.822848061886341580e-04
2.194999999999999929e+01,5.823375403376113970e-04
2.196666666666666501e+01,5.823849551546001879e-04
2.198333333333333428e+01,5.824271103346880538e-04
2.200000000000000000e+01,5.824640648741121439e-04
2.201666666666666572e+01,5.824958773374645446e-04
2.203333333333333144e+01,5.825226062065225110e-04
2.205000000000000071e+01,5.825443102213951740e-04
2.206666666666666643e+01,5.825610486306261049e-04
2.208333333333333215e+01,5.825728812931306542e-04
2.210000000000000142e+01,5.825798686132432425e-04
2.211666666666666714e+01,5.825820713311872677e-04
2.213333333333333286e+01,5.825795502246681893e-04
2.214999999999999858e+01,5.825723657959939236e-04
2.216666666666666785e+01,5.825605780186014944e-04
2.218333333333333357e+01,5.825442461991285192e-04
2.219999999999999929e+01,5.825234289804691410e-04
2.221666666666666501e+01,5.824981844764510206e-04
2.223333333333333428e+01,5.824685704973786614e-04
2.225000000000000000e+01,5.824346448063069280e-04
2.226666666666666572e+01,5.823964653415773362e-04
2.228333333333333144e+01,5.823540903523420241e-04
2.230000000000000071e+01,5.823075784175123530e-04
2.231666666666666643e+01,5.822569883481415725e-04
2.233333333333333215e+01,5.822023790009428056e-04
2.235000000000000142e+01,5.821438090507543694e-04
2.236666666666666714e+01,5.820813367771538252e-04
2.238333333333333286e+01,5.820150199142548868e-04
2.239999999999999858e+01,5.819449155949386627e-04
2.241666666666666785e+01,5.818710803970612681e-04
2.243333333333333357e+01,5.817935704737387144e-04
2.244999999999999929e+01,5.817124417311020715e-04
2.246666666666666501e+01,5.816277500072508915e-04
2.248333333333333428e+01,5.815395512080548434e-04
2.250000000000000000e+01,5.814479013684014860e-04
2.251666666666666572e+01,5.813528566266195057e-04
2.253333333333333144e+01,5.812544731215498741e-04
2.255000000000000071e+01,5.811528068395939786e-04
2.256666666666666643e+01,5.810479134498621996e-04
2.258333333333333215e+01,5.809398481663157615e-04
2.260000000000000142e+01,5.808286656675769712e-04
2.261666666666666714e+01,5.807144200894803158e-04
2.263333333333333286e+01,5.805971650875370359e-04
2.264999999999999858e+01,5.804769539497012590e-04
2.266666666666666785e+01,5.803538397287823095e-04
2.268333333333333357e+01,5.802278753609357550e-04
2.269999999999999929e+01,5.800991137413996981e-04
2.271666666666666501e+01,5.799676077407111890e-04
2.273333333333333428e+01,5.798334101594341703e-04
2.275000000000000000e+01,5.796965736346365236e-04
2.276666666666666572e+01,5.795571505219423167e-04
2.278333333333333144e+01,5.794151927818862744e-04
2.280000000000000071e+01,5.792707518966359924e-04
2.281666666666666643e+01,5.791238788347844238e-04
2.283333333333333215e+01,5.789746240692947256e-04
2.285000000000000142e+01,5.788230376409518900e-04
2.286666666666666714e+01,5.786691692488968785e-04
2.288333333333333286e+01,5.785130683444403591e-04
2.289999999999999858e+01,5.783547842048905856e-04
2.291666666666666785e+01,5.781943659698967220e-04
2.293333333333333357e+01,5.780318626328790916e-04
2.294999999999999929e+01,5.778673229911845000e-04
2.296666666666666501e+01,5.777007955682903926e-04
2.298333333333333428e+01,5.775323285275722925e-04
2.300000000000000000e+01,5.773619695981083762e-04
2.301666666666666572e+01,5.771897660290362976e-04
2.303333333333333144e+01,5.770157645813932647e-04
2.305000000000000071e+01,5.768400115569330498e-04
2.306666666666666643e+01,5.766625528546596513e-04
2.308333333333333215e+01,5.764834340394868906e-04
2.310000000000000142e+01,5.763027004055035598e-04
2.311666666666666714e+01,5.761203970185297665e-04
2.313333333333333286e+01,5.759365687282068727e-04
2.314999999999999858e+01,5.757512601479624140e-04
2.316666666666666785e+01,5.755645156087826463e-04
2.318333333333333357e+01,5.753763790987036567e-04
2.319999999999999929e+01,5.751868942029550544e-04
2.321666666666666501e+01,5.749961040586846648e-04
2.323333333333333428e+01,5.748040513338815299e-04
2.325000000000000000e+01,5.746107782341030581e-04
2.326666666666666572e+01,5.744163265335109616e-04
2.328333333333333144e+01,5.742207376214138875e-04
2.330000000000000071e+01,5.740240525518238053e-04
2.331666666666666643e+01,5.738263120839748105e-04
2.333333333333333215e+01,5.736275567040885915e-04
2.335000000000000142e+01,5.734278266238438618e-04
2.336666666666666714e+01,5.732271617570946359e-04
2.338333333333333286e+01,5.730256016809746932e-04
2.339999999999999858e+01,5.728231855915714901e-04
2.341666666666666785e+01,5.726199522646880161e-04
2.343333333333333357e+01,5.724159400306957001e-04
2.344999999999999929e+01,5.722111867686234489e-04
2.346666666666666501e+01,5.720057299198287853e-04
2.348333333333333428e+01,5.717996065167727914e-04
2.350000000000000000e+01,5.715928532190881536e-04
2.351666666666666572e+01,5.713855063479272292e-04
2.353333333333333144e+01,5.711776019102056748e-04
2.355000000000000071e+01,5.709691756074596189e-04
2.356666666666666643e+01,5.707602628278979177e-04
2.358333333333333215e+01,5.705508986242574347e-04
2.360000000000000142e+01,5.703411176835736403e-04
2.361666666666666714e+01,5.701309542964093282e-04
2.363333333333333286e+01,5.699204423328721719e-04
2.364999999999999858e+01,5.697096152309970643e-04
2.366666666666666785e+01,5.694985059994407944e-04
2.368333333333333357e+01,5.692871472332864616e-04
2.369999999999999929e+01,5.690755711384218709e-04
2.371666666666666501e+01,5.688638095583946775e-04
2.373333333333333428e+01,5.686518939971084256e-04
2.375000000000000000e+01,5.684398556322455128e-04
2.376666666666666572e+01,5.682277253168138047e-04
2.378333333333333144e+01,5.680155335689527490e-04
2.380000000000000071e+01,5.678033105533779063e-04
2.381666666666666643e+01,5.675910860592653937e-04
2.383333333333333215e+01,5.673788894802390308e-04
2.385000000000000142e+01,5.671667498012778396e-04
2.386666666666666714e+01,5.669546955954916272e-04
2.388333333333333286e+01,5.667427550311581082e-04
2.389999999999999858e+01,5.665309558870278281e-04
2.391666666666666785e+01,5.663193255718696178e-04
2.393333333333333357e+01,5.661078911437300359e-04
2.394999999999999929e+01,5.658966793242981800e-04
2.396666666666666501e+01,5.656857165055339566e-04
2.398333333333333428e+01,5.654750287474513215e-04
2.400000000000000000e+01,5.652646417684494733e-04
2.401666666666666572e+01,5.650545809308644496e-04
2.403333333333333144e+01,5.648448712259033794e-04
2.405000000000000071e+01,5.646355372617452555e-04
2.406666666666666643e+01,5.644266032577966146e-04
2.408333333333333215e+01,5.642180930463609918e-04
2.410000000000000142e+01,5.640100300813608936e-04
2.411666666666666714e+01,5.638024374518029380e-04
2.413333333333333286e+01,5.635953378969408558e-04
2.414999999999999858e+01,5.633887538195409212e-04
2.416666666666666785e+01,5.631827072947073569e-04
2.418333333333333357e+01,5.629772200725136934e-04
2.419999999999999929e+01,5.627723135744772684e-04
2.421666666666666501e+01,5.625680088854656579e-04
2.423333333333333428e+01,5.623643267434210412e-04
2.425000000000000000e+01,5.621612875299050911e-04
2.426666666666666572e+01,5.619589112640118291e-04
2.428333333333333144e+01,5.617572176012366938e-04
2.430000000000000071e+01,5.615562258378576938e-04
2.431666666666666643e+01,5.613559549196716920e-04
2.433333333333333215e+01,5.611564234533002486e-04
2.435000000000000142e+01,5.609576497174883093e-04
2.436666666666666714e+01,5.607596516722570396e-04
2.438333333333333286e+01,5.605624469639889501e-04
2.439999999999999858e+01,5.603660529260466507e-04
2.441666666666666785e+01,5.601704865753378811e-04
2.443333333333333357e+01,5.599757646062496165e-04
2.444999999999999929e+01,5.597819033839829348e-04
2.446666666666666501e+01,5.595889189393432085e-04
2.448333333333333428e+01,5.593968269665715917e-04
2.450000000000000000e+01,5.592056428250857065e-04
2.451666666666666572e+01,5.590153815449016303e-04
2.453333333333333144e+01,5.588260578347114182e-04
2.455000000000000071e+01,5.586376860909820531e-04
2.456666666666666643e+01,5.584502804063598558e-04
2.458333333333333215e+01,5.582638545758075027e-04
2.460000000000000142e+01,5.580784220996006526e-04
2.461666666666666714e+01,5.578939961831074195e-04
2.463333333333333286e+01,5.577105897340720129e-04
2.464999999999999858e+01,5.575282153585913716e-04
2.466666666666666785e+01,5.573468853573318406e-04
2.468333333333333357e+01,5.571666117233880881e-04
2.469999999999999929e+01,5.569874061427232924e-04
2.471666666666666501e+01,5.568092799973510575e-04
2.473333333333333428e+01,5.566322443709809629e-04
2.475000000000000000e+01,5.564563100560719492e-04
2.476666666666666572e+01,5.562814875610695839e-04
2.478333333333333144e+01,5.561077871165923028e-04
2.480000000000000071e+01,5.559352186796465709e-04
2.481666666666666643e+01,5.557637919354784829e-04
2.483333333333333215e+01,5.555935162972052430e-04
2.485000000000000142e+01,5.554244009040709001e-04
2.486666666666666714e+01,5.552564546192381538e-04
2.488333333333333286e+01,5.550896860282085628e-04
2.489999999999999858e+01,5.549241034387776593e-04
2.491666666666666785e+01,5.547597148829713342e-04
2.493333333333333357e+01,5.545965281209034280e-04
2.494999999999999929e+01,5.544345506461680105e-04
2.496666666666666501e+01,5.542737896918446686e-04
2.498333333333333428e+01,5.541142522361212864e-04
