0.000000000000000000e+00,0.000000000000000000e+00,5.000000000000000000e-01
0.000000000000000000e+00,0.000000000000000000e+00,5.000009792230530881e-01
-1.718329859143489498e-23,-1.084525692013969586e-23,5.000008561621902548e-01
-9.128187563769156634e-08,-5.259374085180927091e-08,5.000043378734161381e-01
-3.370573065547542201e-07,-4.270099224481257636e-08,5.000039545365294602e-01
-7.566856662732547177e-07,1.848621753616612879e-07,5.000095105632959003e-01
-1.275310825319089677e-06,1.082744816157588964e-06,5.000107359316726674e-01
-1.769765231014583535e-06,3.241239010783204184e-06,5.000193939658488240e-01
-1.655142522059010376e-06,7.782658177317166670e-06,5.000367759101468357e-01
-4.358311924236833277e-07,1.598358585847964840e-05,5.000622944042460993e-01
2.656565997757165619e-06,2.967688508704426276e-05,5.000952206248270304e-01
7.956769219062208678e-06,5.081282735089811268e-05,5.001349928921079435e-01
1.522274731855679020e-05,8.138487144972422326e-05,5.001812139035314297e-01
2.367683009839476453e-05,1.233645230274494687e-04,5.002338488815033513e-01
3.217140891567803911e-05,1.786347275181194758e-04,5.002933453038980183e-01
3.943914034769220784e-05,2.489028870000633067e-04,5.003605269365438701e-01
4.436456122461325476e-05,3.356081418749816956e-04,5.004363089015951838e-01
4.621941409345576576e-05,4.398636849944385853e-04,5.005214274148069853e-01
4.482274048412225332e-05,5.624727799463508354e-04,5.006163787370812024e-01
4.059863337913469648e-05,7.040262662947808885e-04,5.007215662265345202e-01
3.451274194127538938e-05,8.650507353025084631e-04,5.008374495745655519e-01
2.789017614359943397e-05,1.046156175882127348e-03,5.009645187206789307e-01
2.214967099761652015e-05,1.248139704809599461e-03,5.011031044914804333e-01
1.851188928256246422e-05,1.472027416293966414e-03,5.012531779456643743e-01
1.774475556127013995e-05,1.719061473077468068e-03,5.014142973714144080e-01
2.000097922672036874e-05,1.990651966650633636e-03,5.015857591269885507e-01
2.478656046773947569e-05,2.288310861740535697e-03,5.017668720217540734e-01
3.107263644515505149e-05,2.613576037469322617e-03,5.019571996228485711e-01
3.752838979237875749e-05,2.967927984437019728e-03,5.021566503349832455e-01
4.282046073067647681e-05,3.352705795115563329e-03,5.023654064142666353e-01
4.590718151515869736e-05,3.769038553807771506e-03,5.025837838409280556e-01
4.625961162281817969e-05,4.217813002873019475e-03,5.028121335369435396e-01
4.396196906730842158e-05,4.699691435621798814e-03,5.030508261304174056e-01
3.967344987422456091e-05,5.215177404386684389e-03,5.033002726953906825e-01
3.446445793334846838e-05,5.764710525396723670e-03,5.035609020703663008e-01
2.956736286870601679e-05,6.348764303203548870e-03,5.038330639298185254e-01
2.609956589124375151e-05,6.967924503302468618e-03,5.041169046194596826e-01
2.482076965511717870e-05,7.622935447457275179e-03,5.044122993960068468e-01
2.597668682558958300e-05,8.314711098774579465e-03,5.047188929531534196e-01
2.926120113105446535e-05,9.044313335168153653e-03,5.050362300732752496e-01
3.390262385033634106e-05,9.812902187960288042e-03,5.053639053382259494e-01
3.885201720640718396e-05,1.062166514928280028e-02,5.057016613137098604e-01
4.302844850751083653e-05,1.147173680397679633e-02,5.060494106962183380e-01
4.556352138205763542e-05,1.236412462222893915e-02,5.064072088584711251e-01
4.598918613684776623e-05,1.329965810977501786e-02,5.067752207256015495e-01
4.432795177024002452e-05,1.427897396423606115e-02,5.071537035037217978e-01
4.106871054408894656e-05,1.530254028655134851e-02,5.075429912520132980e-01
3.703816944438457608e-05,1.637071231476825914e-02,5.079434531280753173e-01
3.320114801708430992e-05,1.748380499180661116e-02,5.083554164488738314e-01
3.043770350701204152e-05,1.864216587499829825e-02,5.087790795314021119e-01
2.934822886843045767e-05,1.984623437579481273e-02,5.092144568554234363e-01
3.012922630639193973e-05,2.109657766295528966e-02,5.096613853531095639e-01
3.254494825661579933e-05,2.239389804270551509e-02,5.101195869932244609e-01
3.599776645552989733e-05,2.373901100732353844e-02,5.105887550187564461e-01
3.967786665253932428e-05,2.513279794110178517e-02,5.110686275444970006e-01
4.275547792518212932e-05,2.657614262920711054e-02,5.115590305959629713e-01
4.457025224627595209e-05,2.806986493324837781e-02,5.120598950721154674e-01
4.477457428052942329e-05,2.961466634519747607e-02,5.125712610792344526e-01
4.339977797610951424e-05,3.121109943871661768e-02,5.130932754557738784e-01
4.083322120417241108e-05,3.285956712651721262e-02,5.136261756881914664e-01
3.771514657229404994e-05,3.456035028740569309e-02,5.141702503931288026e-01
3.478226163424959119e-05,3.631365619280629842e-02,5.147257775704527916e-01
3.269599110043668310e-05,3.811967665987554821e-02,5.152929579457296017e-01
3.189518062159749101e-05,3.997864406044531610e-02,5.158718681630007907e-01
3.250571297490176839e-05,4.189087455264017129e-02,5.164624508665195401e-01
3.432517375430500545e-05,4.385679056615030685e-02,5.170645414249995797e-01
3.688293653660331116e-05,4.587691841154523109e-02,5.176779163360710756e-01
3.955891130780821049e-05,4.795186168799245308e-02,5.183023447995380728e-01
4.173149079173667589e-05,5.008225626419934157e-02,5.189376316735119232e-01
4.291967727456164256e-05,5.226871677862204163e-02,5.195836490027174737e-01
4.288705765834687194e-05,5.451178651829670374e-02,5.202403570090526896e-01
4.168535128409821662e-05,5.681190147684144626e-02,5.209078128765339821e-01
3.963007877983675806e-05,5.916937570766905158e-02,5.215861621395507797e-01
3.721683910890436013e-05,6.158441001057215342e-02,5.222756089750857367e-01
3.499998005927553059e-05,6.405712098643270846e-02,5.229763692148907683e-01
3.346313692529300464e-05,6.658758364031511223e-02,5.236886185733022891e-01
3.291166969244709034e-05,6.917587848999146027e-02,5.244124519965104314e-01
3.341066371859013212e-05,7.182213363051716259e-02,5.251478655660862804e-01
3.478067441215511172e-05,7.452655337616946596e-02,5.258947630977591770e-01
3.664966115019518674e-05,7.728942784219604289e-02,5.266529813539923000e-01
3.854678040116933917e-05,8.011112180300428154e-02,5.274223246636761120e-01
4.001473637234320859e-05,8.299204563278315960e-02,5.282026013261268416e-01
4.071411133203255188e-05,8.593261504246545168e-02,5.289936569919492237e-01
4.049605443627562324e-05,8.893320864218061395e-02,5.297954012369681109e-01
3.942798648768260512e-05,9.199413249461496633e-02,5.306078227346922027e-01
3.776845745890775822e-05,9.511559887028661620e-02,5.314309882648664551e-01
3.589918075803895842e-05,9.829772303393963240e-02,5.322650235715276068e-01
3.423178850593770604e-05,1.015405379877439562e-01,5.331100795476566567e-01
3.311189970290738543e-05,1.048440234942539517e-01,5.339662925462904663e-01
3.274269643128250857e-05,1.082081429987506033e-01,5.348337496312655093e-01
3.314470561018073087e-05,1.116328806609181434e-01,5.357124672224654605e-01
3.415939642890679411e-05,1.151182708238188551e-01,5.366023865354903055e-01
3.549378850740150343e-05,1.186644139262820197e-01,5.375033843633921782e-01
3.679396855712579686e-05,1.222714758331906737e-01,5.384152950365070911e-01
3.772930684662069412e-05,1.259396711981322914e-01,5.393379387496444188e-01
3.806750982152412208e-05,1.296692349318697701e-01,5.402711515066833670e-01
3.772363229622634098e-05,1.334603882956020837e-01,5.412148116708536127e-01
3.677292073960163380e-05,1.373133070288150293e-01,5.421688578043786233e-01
3.542615248536837638e-05,1.412280981568072302e-01,5.431332933086907566e-01
3.397485278425087295e-05,1.452047900086629595e-01,5.441081761086956625e-01
3.272039727618216462e-05,1.492433370630517064e-01,5.450935956765431412e-01
3.190409685286505446e-05,1.533436381471941778e-01,5.460896433441815301e-01
3.165435562102867669e-05,1.575055638254524992e-01,5.470963834418067773e-01
3.196231107881040588e-05,1.617289870185491529e-01,5.481138318238883977e-01
3.269026423387113905e-05,1.660138103429185108e-01,5.491419456611897898e-01
3.360944214164357215e-05,1.703599844861381774e-01,5.501806254064853796e-01
3.445702691886386539e-05,1.747675139813362755e-01,5.512297275561605092e-01
3.499840171444669327e-05,1.792364495560418158e-01,5.522890853391626553e-01
3.508000339916361683e-05,1.837668691526583020e-01,5.533585333882300450e-01
3.466100834842813540e-05,1.883588520750900941e-01,5.544379316071480490e-01
3.381750559987714230e-05,1.930124520061353988e-01,5.555271831919618153e-01
3.271946136503043159e-05,1.977276746472690083e-01,5.566262426666653829e-01
3.158705773437958821e-05,2.025044645401062327e-01,5.577351120347443514e-01
3.063745921387264163e-05,2.073427035525190754e-01,5.588538261613952285e-01
3.003476723893643637e-05,2.122422210056865155e-01,5.599824312110094349e-01
2.985459381786539272e-05,2.172028129882226655e-01,5.611209614149761382e-01
3.007076850955560295e-05,2.222242665343485135e-01,5.622694193236315030e-01
3.056621728389588452e-05,2.273063834173560116e-01,5.634277633784361417e-01
3.116436039029779967e-05,2.324489985231910361e-01,5.645959047978826861e-01
3.167279760915070106e-05,2.376519890688941483e-01,5.657737139180869512e-01
3.192859083895459467e-05,2.429152730115528291e-01,5.669610344600357621e-01
3.183458535817118931e-05,2.482387973693137850e-01,5.681577027536786062e-01
3.137878095909026684e-05,2.536225193085278606e-01,5.693635678905017983e-01
3.063306439346555869e-05,2.590663842862766519e-01,5.705785084333566681e-01
2.973256915368052401e-05,2.645703060047543964e-01,5.718024419871643449e-01
2.884135969174570505e-05,2.701341523851045756e-01,5.730353256101484716e-01
2.811304158809020361e-05,2.757577403617046397e-01,5.742771472769032659e-01
2.765567229066790098e-05,2.814408403518312007e-01,5.755279106988662186e-01
2.750890768801515183e-05,2.871831891833346306e-01,5.767876171628582016e-01
2.763810499011444031e-05,2.929845084975974956e-01,5.780562484078792806e-01
2.794594246797305320e-05,2.988445245563429720e-01,5.793337540298009181e-01
2.829802317776305604e-05,3.047629851940246715e-01,5.806200457741850229e-01
2.855585128831894767e-05,3.107396703970490281e-01,5.819149996336439035e-01
2.860917324694082424e-05,3.167743944716812088e-01,5.832184651200055248e-01
2.840020601244412965e-05,3.228669996356587357e-01,5.845302796342588536e-01
2.793451599980684808e-05,3.290173427111218740e-01,5.858502847703230820e-01
2.727666311572932354e-05,3.352252780124372888e-01,5.871783409530451081e-01
2.653235337407482342e-05,3.414906402284342835e-01,5.885143372114879368e-01
2.582189520471899377e-05,3.478132309746212458e-01,5.898581940689505698e-01
2.525154684927647959e-05,3.541928117934802778e-01,5.912098591729528785e-01
2.488951756341084207e-05,3.606291049218924849e-01,5.925692969330571547e-01
2.475197903999654551e-05,3.671218014458806356e-01,5.939364746688522434e-01
2.480185737652903480e-05,3.736705748904219915e-01,5.953113483607095358e-01
2.496006814213581237e-05,3.802750971808543934e-01,5.966938510072432589e-01
2.512597668105303366e-05,3.869350534928228669e-01,5.980838859253242434e-01
2.520187337067044672e-05,3.936501528540078398e-01,5.994813262419036448e-01
2.511557104383372587e-05,4.004201323756363951e-01,6.008860205161928869e-01
2.483595513029683970e-05,4.072447544324604984e-01,6.022978031314337732e-01
2.437820963715483331e-05,4.141237976492112005e-01,6.037165070772854136e-01
2.379800616714449775e-05,4.210570438541805238e-01,6.051419762539729241e-01
2.317654888427521606e-05,4.280442639561485851e-01,6.065740746031541564e-01
2.260040675260106347e-05,4.350852058375028752e-01,6.080126901653915006e-01
2.214108797910771314e-05,4.421795868265684382e-01,6.094577333646479245e-01
2.183913061271006213e-05,4.493270922487636043e-01,6.109091301149924824e-01
2.169619766790871051e-05,4.565273802014256921e-01,6.123668114314257949e-01
2.167662778532626058e-05,4.637800913499071642e-01,6.138307018911450808e-01
2.171761497097360520e-05,4.710848614938313861e-01,6.153007094349949302e-01
2.174521696907901443e-05,4.784413341219711513e-01,6.167767186274690783e-01
2.169216810864521756e-05,4.858491702630466924e-01,6.182585886982304713e-01
2.151324879740710352e-05,4.933080536100653557e-01,6.197461566305366709e-01
2.119474378122805517e-05,5.008176899835011797e-01,6.212392444603606068e-01
2.075607329409231145e-05,5.083778014538337109e-01,6.227376690454770047e-01
2.024360448630669877e-05,5.159881165893285271e-01,6.242412520639210038e-01
1.971847723572958916e-05,5.236483590866374271e-01,6.257498280188735773e-01
1.924158651645094714e-05,5.313582373205044673e-01,6.272632485441836936e-01
1.885937275079959386e-05,5.391174370705396068e-01,6.287813821803559522e-01
1.859370212035964809e-05,5.469256189244995348e-01,6.303041098079164017e-01
1.843799994572412298e-05,5.547824207968231613e-01,6.318313168531850543e-01
1.836023018534702062e-05,5.626874648768931397e-01,6.333628840297660378e-01
1.831168231618588663e-05,5.706403673798342568e-01,6.348986786277482919e-01
1.823921860218849462e-05,5.786407489135481086e-01,6.364385481758835228e-01
1.809794091787725938e-05,5.866882432099430611e-01,6.379823177295297354e-01
1.786128949202796901e-05,5.947825023955702894e-01,6.395297912063062640e-01
1.752633689004897037e-05,6.029231977887539173e-01,6.410807562861622344e-01
1.711327852069423003e-05,6.111100162176632544e-01,6.426349916156721687e-01
1.665953129122861294e-05,6.193426528307683920e-01,6.441922745810417794e-01
1.621009536636947360e-05,6.276208021057652076e-01,6.457523878400071027e-01
1.580662710138062732e-05,6.359441491028591242e-01,6.473151231316296439e-01
1.547785061816065323e-05,6.443123628914296797e-01,6.488802815240620747e-01
1.523348964882536464e-05,6.527250935449464553e-01,6.504476700582189075e-01
1.506296576859941806e-05,6.611819732766642810e-01,6.520170955198634211e-01
1.493892771372052971e-05,6.696826213663038541e-01,6.535883566586819793e-01
1.482453867746887479e-05,6.782266517103255898e-01,6.551612364516018472e-01
1.468261951916910845e-05,6.868136812915359712e-01,6.567354959275848447e-01
1.448440539672783536e-05,6.954433377170824437e-01,6.583108706578164604e-01
1.421587734775769025e-05,7.041152642380247295e-01,6.598870703659790449e-01
1.388030368394154724e-05,7.128291212683353084e-01,6.614637813768077246e-01
1.349658672375345179e-05,7.215845842232451179e-01,6.630406709633708262e-01
1.309401774926980734e-05,7.303813383140539406e-01,6.646173922183927774e-01
1.270485762270834646e-05,7.392190715888280472e-01,6.661935879506394320e-01
1.235660023137502985e-05,7.480974678575682546e-01,6.677688923080017380e-01
1.206575625421360697e-05,7.570162011191390317e-01,6.693429292950695553e-01
1.183454341778448062e-05,7.659749327316877077e-01,6.709153079690679533e-01
1.165111435416729696e-05,7.749733119320511010e-01,6.724856147196904832e-01
1.149308742409042610e-05,7.840109795609004895e-01,6.740534035236346311e-01
1.133337899396913541e-05,7.930875741577340099e-01,6.756181853027624085e-01
1.114684361330884120e-05,8.022027391047592548e-01,6.771794174481021722e-01
1.091611379061926306e-05,8.113561293226778659e-01,6.787364942063219830e-01
1.063530189770490341e-05,8.205474161848195225e-01,6.802887380263779038e-01
1.031079984769594895e-05,8.297762897736106202e-01,6.818353912377448367e-01
9.959136925040237536e-06,8.390424582460301872e-01,6.833756066934966178e-01
9.602553504627167838e-06,8.483456447560075997e-01,6.849084353501965206e-01
9.263454889987305478e-06,8.576855829514498097e-01,6.864328081987448593e-01
8.959115039646777776e-06,8.670620124014840613e-01,6.879475094393184831e-01
8.697871150970477768e-06,8.764746753512202559e-01,6.894511371176541559e-01
8.477634220869978209e-06,8.859233159510156996e-01,6.909420462442680266e-01
8.286950520955219067e-06,8.954076826340902073e-01,6.924182670623206803e-01
8.108232691503036602e-06,9.049275337356567084e-01,6.938773864553801074e-01
7.922283960374833033e-06,9.144826458872558073e-01,6.953163712230042703e-01
7.712976011090293718e-06,9.240728242771367729e-01,6.967312932054667840e-01
7.470960902319174687e-06,9.336979135268221874e-01,6.981168764033128804e-01
7.195581011510200155e-06,9.433578073912766149e-01,6.994656949969775273e-01
6.894571729828921968e-06,9.530525140701354703e-01,7.007702212272958198e-01
6.581784132901026916e-06,9.627823383978136862e-01,7.020308273990383263e-01
6.273730022238607087e-06,9.725477486121568704e-01,7.032478841893491373e-01
5.985491238336128397e-06,9.823491521237818214e-01,7.044217643714838495e-01
5.727178086072644412e-06,9.921866973308036686e-01,7.055528462388808153e-01
5.501758023326894024e-06,1.002060147672144685e+00,7.066415157943892744e-01
5.304705827940676961e-06,1.011968854465695733e+00,7.076881670848691464e-01
5.125467287880416119e-06,1.021911830072604888e+00,7.086932006509231163e-01
4.950294126344385740e-06,1.031887898802896775e+00,7.096570206595682606e-01
4.765701397290410166e-06,1.041895885482187811e+00,7.105800316187167454e-01
4.561687175689582700e-06,1.051934794595679401e+00,7.114626355364919164e-01
4.333954810096134539e-06,1.062003937562267852e+00,7.123052300979791918e-01
4.084655472676631394e-06,1.072102980267986894e+00,7.131082080893942354e-01
3.821547741299808188e-06,1.082231903506603254e+00,7.138719580376280405e-01
3.555855517556621364e-06,1.092390890217829424e+00,7.145968658530014173e-01
3.299403274983629645e-06,1.102580170252724923e+00,7.152833171024072234e-01
3.061751805024824881e-06,1.112799862026323083e+00,7.159316993837313570e-01
2.848020972901406891e-06,1.123049849176441795e+00,7.165424041944431499e-01
2.657886643378693116e-06,1.133329720031027277e+00,7.171158277854323693e-01
2.485932973955810041e-06,1.143638781233468515e+00,7.176523707835242849e-01
2.323207322792892013e-06,1.153976138529436257e+00,7.181524367483733684e-01
2.159544386658167578e-06,1.164340821973294915e+00,7.186164301340149940e-01
1.986063657510299355e-06,1.174731923313040216e+00,7.190447542321205532e-01
1.797232829480886543e-06,1.185148712021494521e+00,7.194378095802688167e-01
1.592024502844853012e-06,1.195590703252954690e+00,7.197959931173950610e-01
1.373934718656490805e-06,1.206057663875919506e+00,7.201196981653987805e-01
1.149916321293893762e-06,1.216549558272288056e+00,7.204093151592300126e-01
9.285375383967806110e-07,1.227066449942758153e+00,7.206652329266877155e-01
7.178461706777426288e-07,1.237608384738866141e+00,7.208878402139611286e-01
5.234661959509566137e-07,1.248175284642977223e+00,7.210775270810283466e-01
3.473712655019839143e-07,1.258766877029398490e+00,7.212346858021374540e-01
1.875949111080053048e-07,1.269382674578257042e+00,7.213597110339412533e-01
3.889970632484100301e-08,1.280022008108601117e+00,7.214529992302354255e-01
-1.058033816836394615e-07,1.290684101798809547e+00,7.215149475038451499e-01
-2.536635073245277292e-07,1.301368170634224386e+00,7.215459522729461561e-01
-4.101745065435786425e-07,1.312073515612030672e+00,7.215464080399905944e-01
-5.779428250513124382e-07,1.322799594006425439e+00,7.215167065611685082e-01
-7.562097172858474136e-07,1.333546049120565513e+00,7.214572365334384063e-01
-9.412041654661822162e-07,1.344312694447651779e+00,7.213683838046426322e-01
-1.127200017441945307e-06,1.355099458345868424e+00,7.212505320160620403e-01
-1.307988452075079992e-06,1.365906304486450340e+00,7.211040635100949281e-01
-1.478391913179648591e-06,1.376733148369797988e+00,7.209293602789412780e-01
-1.635454564497968747e-06,1.387579790122537515e+00,7.207268047127998178e-01
-1.779040248982646867e-06,1.398445878866427572e+00,7.204967799519960137e-01
-1.911724511895473412e-06,1.409330915611524571e+00,7.202396697575971229e-01
-2.038042176241838821e-06,1.420234292041721913e+00,7.199558579550977555e-01
-2.163303329090392187e-06,1.431155354090801746e+00,7.196457276217820276e-01
-2.292283286067087754e-06,1.442093473825635019e+00,7.193096602387641925e-01
-2.428106883822944360e-06,1.453048111994260205e+00,7.189480350066277392e-01
-2.571584700745611821e-06,1.464018856724743411e+00,7.185612284540984218e-01
-2.721137485956201103e-06,1.475005430309454857e+00,7.181496143867922566e-01
-2.873297223695946693e-06,1.486007664065235989e+00,7.177135641500740348e-01
-3.023635646602610655e-06,1.497025448911087908e+00,7.172534471218560137e-01
-3.167876095174669613e-06,1.508058674738489424e+00,7.167696313074202186e-01
-3.302912991980543099e-06,1.519107173675217526e+00,7.162624838851997522e-01
-3.427499247643925168e-06,1.530170680648103021e+00,7.157323715624430704e-01
-3.542453593007234162e-06,1.541248819827469640e+00,7.151796606496998443e-01
-3.650362362775128185e-06,1.552341118899580596e+00,7.146047168425537777e-01
-3.754872714527670772e-06,1.563447046345352920e+00,7.140079047807567081e-01
-3.859767301046705134e-06,1.574566061632823644e+00,7.133895875091025296e-01
-3.968053205588541936e-06,1.585697665645217524e+00,7.127501259752306861e-01
-4.081282778474445382e-06,1.596841439250147543e+00,7.120898786717962947e-01
-4.199257444808702982e-06,1.607997061368399594e+00,7.114092014821594701e-01
-4.320166140299748171e-06,1.619164303250300918e+00,7.107084477380597454e-01
-4.441103259850767297e-06,1.630343001535885961e+00,7.099879684543601854e-01
-4.558822830389410160e-06,1.641533017629476898e+00,7.092481126724725637e-01
-4.670536235638373845e-06,1.652734193818776065e+00,7.084892278226664342e-01
-4.774560103723906335e-06,1.663946316822048743e+00,7.077116600116174494e-01
-4.870666636888049146e-06,1.675169097127240825e+00,7.069157541607951067e-01
-4.960067432893819421e-06,1.686402168279675706e+00,7.061018539622210266e-01
-5.045053171252954369e-06,1.697645105283883460e+00,7.052703016690782256e-01
-5.128392890855886282e-06,1.708897456745988030e+00,7.044214377819990602e-01
-5.212648970914518017e-06,1.720158782361082439e+00,7.035556007132747203e-01
-5.299576249723959666e-06,1.731428686492921143e+00,7.026731265068129062e-01
-5.389745045688438803e-06,1.742706839997080204e+00,7.017743486680909637e-01
-5.482467125562583710e-06,1.753992985652755188e+00,7.008595981268069819e-01
-5.576027068032749676e-06,1.765286926730770478e+00,6.999292033244771671e-01
-5.668148155398820672e-06,1.776588502290687765e+00,6.989834903942547806e-01
-5.756569296020402142e-06,1.787897555798804383e+00,6.980227833825992656e-01
-5.839589103614336827e-06,1.799213904926503238e+00,6.970474044544859860e-01
-5.916448392330350479e-06,1.810537319708502846e+00,6.960576740287995889e-01
-5.987467571004083601e-06,1.821867513874280586e+00,6.950539108094673235e-01
-6.053918379322013589e-06,1.833204150765568530e+00,6.940364317066823885e-01
-6.117674117804591428e-06,1.844546861685509631e+00,6.930055516722435360e-01
-6.180733383868987658e-06,1.855895271654285361e+00,6.919615834936986287e-01
-6.244737845917349881e-06,1.867249026024689673e+00,6.909048375978177337e-01
-6.310599929454984848e-06,1.878607811535681016e+00,6.898356219055377103e-01
-6.378324094868293405e-06,1.889971367039361860e+00,6.887542417633119030e-01
-6.447054763322506083e-06,1.901339481852379443e+00,6.876609999561120734e-01
-6.515327958891857183e-06,1.912711982752110851e+00,6.865561967895914552e-01
-6.581456070245845064e-06,1.924088713307724463e+00,6.854401302152978159e-01
-6.643946796349030047e-06,1.935469510886693945e+00,6.843130959647326650e-01
-6.701854143373419916e-06,1.946854186964535272e+00,6.831753876571311501e-01
-6.754980781663730963e-06,1.958242515289468466e+00,6.820272968532810065e-01
-6.803890769936458514e-06,1.969634230341112069e+00,6.808691130425317262e-01
-6.849739172922888180e-06,1.981029035931861637e+00,6.797011235683479979e-01
-6.893968654195705677e-06,1.992426621376298446e+00,6.785236135135501723e-01
-6.937952478451891323e-06,2.003826680970183016e+00,6.773368655748719380e-01
-6.982672189097265525e-06,2.015228931942525392e+00,6.761411599559309371e-01
-7.028505457686535788e-06,2.026633126654528549e+00,6.749367742998877429e-01
-7.075169383718094247e-06,2.038039056411543370e+00,6.737239836715607222e-01
-7.121824980522437774e-06,2.049446546397240443e+00,6.725030605869751765e-01
-7.167309663434641381e-06,2.060855443391572006e+00,6.712742750784144175e-01
-7.210435555749643581e-06,2.072265599579464990e+00,6.700378947762031245e-01
-7.250278795118180696e-06,2.083676856526866406e+00,6.687941849856267051e-01
-7.286390958946358407e-06,2.095089033154539759e+00,6.675434087393938842e-01
-7.318885871807037345e-06,2.106501920388253346e+00,6.662858268129147055e-01
-7.348387285186279655e-06,2.117915283428449147e+00,6.650216976998521989e-01
-7.375856996933431408e-06,2.129328870708635080e+00,6.637512775559369915e-01
-7.402350643672914582e-06,2.140742427055672525e+00,6.624748201266325021e-01
-7.428763347158252067e-06,2.152155707683735653e+00,6.611925766768366186e-01
-7.455626685178312668e-06,2.163568489624136504e+00,6.599047959383459450e-01
-7.483003050831005414e-06,2.174980577979465313e+00,6.586117240848804455e-01
-7.510497796130559513e-06,2.186391805762861740e+00,6.573136047372375446e-01
-7.537380297244627381e-06,2.197802027683209314e+00,6.560106789943707106e-01
-7.562779422636550272e-06,2.209211109669640738e+00,6.547031854809604035e-01
-7.585902798469334879e-06,2.220618916859109060e+00,6.533913603990263441e-01
-7.606226119572084042e-06,2.232025303001351269e+00,6.520754375708568418e-01
-7.623608649255458871e-06,2.243430103746448800e+00,6.507556484632283089e-01
-7.638310957049399843e-06,2.254833135224989960e+00,6.494322221880999280e-01
-7.650915583567830745e-06,2.266234197991056298e+00,6.481053854813175752e-01
-7.662174551505767395e-06,2.277633085109391775e+00,6.467753626664591859e-01
-7.672823965003254350e-06,2.289029592236486721e+00,6.454423756141526303e-01
-7.683411793148148494e-06,2.300423527176134630e+00,6.441066437073169615e-01
-7.694179443602973140e-06,2.311814716643341594e+00,6.427683838202606914e-01
-7.705022788455316631e-06,2.323203008754073817e+00,6.414278103155414135e-01
-7.715537965885841076e-06,2.334588270857592018e+00,6.400851350581764354e-01
-7.725136695129914283e-06,2.345970383463636733e+00,6.387405674430793878e-01
-7.733199954523677663e-06,2.357349231914524168e+00,6.373943144290412643e-01
-7.739231253180169125e-06,2.368724697909153409e+00,6.360465805715470600e-01
-7.742972784073064827e-06,2.380096652914797772e+00,6.346975680474322701e-01
-7.744458497910498412e-06,2.391464954947124077e+00,6.333474766667793743e-01
-7.743994566999708810e-06,2.402829449316723487e+00,6.319965038709629557e-01
-7.742075591714692553e-06,2.414189972959539077e+00,6.306448447194064055e-01
-7.739259879672696205e-06,2.425546361128966044e+00,6.292926918703278805e-01
-7.736035756626892290e-06,2.436898454723215757e+00,6.279402355618125542e-01
-7.732711401367280105e-06,2.448246106456577031e+00,6.265876635988626431e-01
-7.729353416196810283e-06,2.459589184450885035e+00,6.252351613501029304e-01
-7.725786389913871755e-06,2.470927572513757386e+00,6.238829117552751047e-01
-7.721650473317088825e-06,2.482261167201269103e+00,6.225310953421904214e-01
-7.716500235061549487e-06,2.493589872528375828e+00,6.211798902498790742e-01
-7.709919018889955315e-06,2.504913593710414776e+00,6.198294722535614421e-01
-7.701620611973927376e-06,2.516232231481187576e+00,6.184800147869495834e-01
-7.691514500670704877e-06,2.527545678316716948e+00,6.171316889583139398e-01
-7.679720916212262635e-06,2.538853817369786103e+00,6.157846635585264572e-01
-7.666534603731005152e-06,2.550156524229943322e+00,6.144391050614668170e-01
-7.652348590673173356e-06,2.561453670940688987e+00,6.130951776191260194e-01
-7.637558246641853500e-06,2.572745131193343582e+00,6.117530430549178444e-01
