,stateZ_timestamp,cf_x,cf_y,cf_z,obs_x,obs_y,obs_z,obs_temp_x,obs_temp_y,obs_temp_z
0,111214.0,0.0,0.0,0.031,,,,,,
1,111224.0,0.0,0.0,0.032,,,,,,
2,111234.0,0.0,0.0,0.032,,,,,,
3,111244.0,0.0,0.0,0.032,,,,,,
4,111254.0,0.0,0.0,0.032,,,,,,
5,111264.0,0.0,0.0,0.032,,,,,,
6,111274.0,0.0,0.0,0.032,,,,,,
7,111284.0,0.0,0.0,0.032,,,,,,
8,111294.0,0.0,0.0,0.032,,,,,,
9,111304.0,0.0,0.0,0.033,,,,,,
10,111314.0,0.0,0.0,0.033,,,,,,
11,111324.0,0.0,0.0,0.033,,,,,,
12,111334.0,0.0,0.0,0.033,,,,,,
13,111344.0,0.0,0.0,0.031,,,,,,
14,111354.0,0.0,0.0,0.031,,,,,,
15,111364.0,0.0,0.0,0.031,,,,,,
16,111374.0,0.0,0.0,0.031,,,,,,
17,111384.0,0.0,0.0,0.031,,,,,,
18,111394.0,0.0,0.0,0.031,,,,,,
19,111404.0,0.0,0.0,0.031,,,,,,
20,111414.0,0.0,0.0,0.031,,,,,,
21,111424.0,0.0,0.0,0.031,,,,,,
22,111434.0,0.0,0.0,0.031,,,,,,
23,111444.0,0.0,0.0,0.031,,,,,,
24,111454.0,0.0,0.0,0.031,,,,,,
25,111464.0,0.0,0.0,0.031,,,,,,
26,111474.0,0.001,0.0,0.031,,,,,,
27,111484.0,0.0,0.0,0.031,,,,,,
28,111494.0,0.0,0.0,0.031,,,,,,
29,111504.0,0.0,0.0,0.031,,,,,,
30,111514.0,0.0,0.0,0.032,,,,,,
31,111524.0,-0.001,0.0,0.032,,,,,,
32,111534.0,0.0,0.0,0.032,,,,,,
33,111544.0,0.0,0.0,0.033,,,,,,
34,111554.0,-0.001,0.0,0.033,,,,,,
35,111564.0,-0.001,0.0,0.031,,,,,,
36,111574.0,-0.001,0.0,0.031,,,,,,
37,111584.0,-0.001,0.0,0.031,,,,,,
38,111594.0,0.0,0.0,0.031,,,,,,
39,111604.0,0.001,0.0,0.031,,,,,,
40,111614.0,0.0,0.0,0.031,,,,,,
41,111624.0,0.0,0.0,0.031,,,,,,
42,111634.0,0.0,0.0,0.031,,,,,,
43,111644.0,0.0,0.0,0.031,,,,,,
44,111654.0,0.001,0.0,0.032,,,,,,
45,111664.0,0.001,0.0,0.032,,,,,,
46,111674.0,0.0,0.0,0.032,,,,,,
47,111684.0,0.0,0.0,0.032,,,,,,
48,111694.0,0.0,0.0,0.032,,,,,,
49,111704.0,0.001,0.0,0.033,,,,,,
50,111714.0,0.001,0.0,0.033,,,,,,
51,111724.0,0.001,0.0,0.033,,,,,,
52,111734.0,0.002,0.0,0.033,,,,,,
53,111744.0,0.002,0.0,0.033,,,,,,
54,111754.0,0.0,0.0,0.033,,,,,,
55,111764.0,0.002,0.0,0.033,,,,,,
56,111774.0,0.0,0.0,0.033,,,,,,
57,111784.0,0.001,0.0,0.033,,,,,,
58,111794.0,0.001,0.0,0.033,,,,,,
59,111804.0,0.002,0.0,0.033,,,,,,
60,111814.0,0.002,0.0,0.033,,,,,,
61,111824.0,0.0,0.0,0.034,,,,,,
62,111834.0,0.0,0.0,0.033,,,,,,
63,111844.0,0.0,0.0,0.033,,,,,,
64,111854.0,0.0,0.0,0.033,,,,,,
65,111864.0,0.001,0.0,0.034,,,,,,
66,111874.0,0.0,0.0,0.032,,,,,,
67,111884.0,0.0,0.0,0.032,,,,,,
68,111894.0,0.001,0.0,0.032,,,,,,
69,111904.0,0.001,0.0,0.033,,,,,,
70,111914.0,0.0,0.0,0.033,,,,,,
71,111924.0,0.001,0.0,0.031,,,,,,
72,111934.0,0.0,0.0,0.031,,,,,,
73,111944.0,0.0,0.0,0.031,,,,,,
74,111954.0,0.0,0.0,0.031,,,,,,
75,111964.0,0.0,0.0,0.031,,,,,,
76,111974.0,0.0,0.0,0.031,,,,,,
77,111984.0,0.0,0.0,0.031,,,,,,
78,111994.0,0.0,0.0,0.031,,,,,,
79,112004.0,-0.001,0.0,0.032,,,,,,
80,112014.0,-0.001,0.0,0.032,,,,,,
81,112024.0,-0.001,0.0,0.032,,,,,,
82,112034.0,0.002,0.0,0.032,,,,,,
83,112044.0,0.002,0.0,0.032,,,,,,
84,112054.0,0.002,0.0,0.033,,,,,,
85,112064.0,0.001,0.0,0.033,,,,,,
86,112074.0,0.002,0.0,0.034,,,,,,
87,112084.0,0.002,0.0,0.034,,,,,,
88,112094.0,0.002,0.0,0.033,,,,,,
89,112104.0,0.001,0.0,0.033,,,,,,
90,112114.0,0.001,0.0,0.033,,,,,,
91,112124.0,0.002,-0.001,0.033,,,,,,
92,112134.0,0.002,-0.001,0.033,,,,,,
93,112144.0,0.001,-0.001,0.033,,,,,,
94,112154.0,0.001,-0.001,0.034,,,,,,
95,112164.0,0.001,0.0,0.034,,,,,,
96,112174.0,0.002,0.0,0.034,,,,,,
97,112184.0,0.002,0.0,0.033,,,,,,
98,112194.0,0.001,0.0,0.033,,,,,,
99,112204.0,0.003,0.0,0.033,,,,,,
100,112214.0,0.003,0.0,0.033,,,,,,
101,112224.0,0.002,-0.001,0.033,,,,,,
102,112234.0,0.001,0.0,0.033,,,,,,
103,112244.0,0.002,-0.001,0.033,,,,,,
104,112254.0,0.002,0.0,0.033,,,,,,
105,112264.0,0.002,0.0,0.033,,,,,,
106,112274.0,0.001,0.0,0.032,,,,,,
107,112284.0,0.002,-0.001,0.032,,,,,,
108,112294.0,0.001,-0.001,0.032,,,,,,
109,112304.0,0.001,0.0,0.032,,,,,,
110,112314.0,0.003,-0.001,0.032,,,,,,
111,112324.0,0.001,0.0,0.032,,,,,,
112,112334.0,0.003,-0.001,0.032,,,,,,
113,112344.0,0.003,0.0,0.032,,,,,,
114,112354.0,0.003,0.0,0.032,,,,,,
115,112364.0,0.001,-0.001,0.032,,,,,,
116,112374.0,0.001,-0.001,0.032,,,,,,
117,112384.0,0.0,-0.001,0.032,,,,,,
118,112394.0,0.001,0.0,0.032,,,,,,
119,112404.0,0.001,-0.001,0.03,,,,,,
120,112414.0,0.001,-0.001,0.03,,,,,,
121,112424.0,0.0,-0.001,0.03,,,,,,
122,112434.0,0.001,-0.001,0.03,,,,,,
123,112444.0,0.001,-0.001,0.03,,,,,,
124,112454.0,0.0,-0.001,0.03,,,,,,
125,112464.0,0.001,-0.001,0.03,,,,,,
126,112474.0,0.001,0.0,0.03,,,,,,
127,112484.0,0.0,-0.001,0.03,,,,,,
128,112494.0,0.001,-0.001,0.03,,,,,,
129,112504.0,0.001,-0.001,0.03,,,,,,
130,112514.0,0.001,-0.001,0.03,,,,,,
131,112524.0,0.001,-0.001,0.03,,,,,,
132,112534.0,0.001,-0.001,0.032,,,,,,
133,112544.0,0.0,-0.001,0.032,,,,,,
134,112554.0,0.0,-0.001,0.032,,,,,,
135,112564.0,0.0,-0.001,0.032,,,,,,
136,112574.0,0.0,-0.001,0.032,,,,,,
137,112584.0,0.003,-0.001,0.033,,,,,,
138,112594.0,0.003,-0.001,0.033,,,,,,
139,112604.0,0.002,-0.001,0.033,,,,,,
140,112614.0,0.002,-0.001,0.033,,,,,,
141,112624.0,0.003,-0.001,0.032,,,,,,
142,112634.0,0.002,-0.001,0.032,,,,,,
143,112644.0,0.002,-0.001,0.032,,,,,,
144,112654.0,0.003,-0.001,0.032,,,,,,
145,112664.0,0.003,-0.001,0.032,,,,,,
146,112674.0,0.003,-0.001,0.033,,,,,,
147,112684.0,0.004,-0.001,0.033,,,,,,
148,112694.0,0.001,-0.002,0.033,,,,,,
149,112704.0,0.002,-0.002,0.033,,,,,,
150,112714.0,0.001,-0.002,0.034,,,,,,
151,112724.0,0.001,-0.002,0.034,,,,,,
152,112734.0,0.002,-0.002,0.034,,,,,,
153,112744.0,0.001,-0.002,0.034,,,,,,
154,112754.0,0.002,-0.002,0.033,,,,,,
155,112764.0,0.001,-0.002,0.033,,,,,,
156,112774.0,0.001,-0.002,0.033,,,,,,
157,112784.0,0.002,-0.002,0.034,,,,,,
158,112794.0,0.001,-0.002,0.034,,,,,,
159,112804.0,0.002,-0.002,0.034,,,,,,
160,112814.0,0.001,-0.002,0.034,,,,,,
161,112824.0,0.002,-0.002,0.034,,,,,,
162,112834.0,0.001,-0.002,0.035,,,,,,
163,112844.0,0.002,-0.002,0.034,,,,,,
164,112854.0,0.001,-0.002,0.034,,,,,,
165,112864.0,0.001,-0.002,0.034,,,,,,
166,112874.0,0.001,-0.002,0.035,,,,,,
167,112884.0,0.001,-0.002,0.034,,,,,,
168,112894.0,0.001,-0.002,0.034,,,,,,
169,112904.0,0.0,-0.002,0.034,,,,,,
170,112914.0,0.001,-0.002,0.034,,,,,,
171,112924.0,0.001,-0.002,0.034,,,,,,
172,112934.0,0.001,-0.002,0.033,,,,,,
173,112944.0,0.001,-0.002,0.033,,,,,,
174,112954.0,0.001,-0.002,0.033,,,,,,
175,112964.0,0.001,-0.002,0.033,,,,,,
176,112974.0,0.001,-0.002,0.032,,,,,,
177,112984.0,0.0,-0.002,0.032,,,,,,
178,112994.0,0.0,-0.002,0.032,,,,,,
179,113004.0,0.0,-0.002,0.031,,,,,,
180,113014.0,0.0,-0.002,0.031,,,,,,
181,113024.0,0.0,-0.002,0.032,,,,,,
182,113034.0,0.0,-0.002,0.032,,,,,,
183,113044.0,0.0,-0.002,0.032,,,,,,
184,113054.0,0.0,-0.002,0.032,,,,,,
185,113064.0,0.0,-0.002,0.031,,,,,,
186,113074.0,-0.001,-0.001,0.031,,,,,,
187,113084.0,0.0,-0.002,0.031,,,,,,
188,113094.0,0.0,-0.002,0.031,,,,,,
189,113104.0,0.0,-0.002,0.031,,,,,,
190,113114.0,-0.001,-0.002,0.031,,,,,,
191,113124.0,-0.001,-0.002,0.031,,,,,,
192,113134.0,-0.001,-0.002,0.031,,,,,,
193,113144.0,-0.001,-0.002,0.031,,,,,,
194,113154.0,-0.002,-0.002,0.031,,,,,,
195,113164.0,-0.002,-0.002,0.031,,,,,,
196,113174.0,-0.001,-0.002,0.031,,,,,,
197,113184.0,-0.002,-0.002,0.031,,,,,,
198,113194.0,-0.002,-0.002,0.031,,,,,,
199,113204.0,-0.002,-0.002,0.031,,,,,,
200,113214.0,-0.003,-0.002,0.031,,,,,,
201,113224.0,-0.001,-0.002,0.031,,,,,,
202,113234.0,-0.001,-0.002,0.031,,,,,,
203,113244.0,-0.002,-0.002,0.032,,,,,,
204,113254.0,0.0,-0.002,0.032,,,,,,
205,113264.0,-0.001,-0.002,0.032,,,,,,
206,113274.0,-0.001,-0.002,0.032,,,,,,
207,113284.0,-0.001,-0.002,0.032,,,,,,
208,113294.0,-0.001,-0.002,0.032,,,,,,
209,113304.0,-0.001,-0.002,0.032,,,,,,
210,113314.0,-0.002,-0.002,0.032,,,,,,
211,113324.0,-0.001,-0.002,0.032,,,,,,
212,113334.0,-0.002,-0.002,0.032,,,,,,
213,113344.0,-0.001,-0.002,0.032,,,,,,
214,113354.0,-0.001,-0.002,0.032,,,,,,
215,113364.0,-0.001,-0.002,0.032,,,,,,
216,113374.0,-0.002,-0.002,0.031,,,,,,
217,113384.0,-0.001,-0.002,0.031,,,,,,
218,113394.0,-0.001,-0.002,0.031,,,,,,
219,113404.0,-0.001,-0.002,0.031,,,,,,
220,113414.0,-0.001,-0.002,0.033,,,,,,
221,113424.0,-0.002,-0.002,0.033,,,,,,
222,113434.0,-0.001,-0.002,0.033,,,,,,
223,113444.0,-0.001,-0.002,0.033,,,,,,
224,113454.0,-0.002,-0.002,0.033,,,,,,
225,113464.0,-0.001,-0.002,0.033,,,,,,
226,113474.0,-0.002,-0.002,0.033,,,,,,
227,113484.0,-0.001,-0.002,0.034,,,,,,
228,113494.0,-0.002,-0.002,0.034,,,,,,
229,113504.0,-0.001,-0.002,0.033,,,,,,
230,113514.0,-0.003,-0.002,0.033,,,,,,
231,113524.0,-0.003,-0.002,0.033,,,,,,
232,113534.0,-0.001,-0.001,0.033,,,,,,
233,113544.0,-0.001,-0.002,0.033,,,,,,
234,113554.0,-0.001,-0.002,0.033,,,,,,
235,113564.0,-0.001,-0.002,0.033,,,,,,
236,113574.0,-0.001,-0.002,0.033,,,,,,
237,113584.0,-0.001,-0.002,0.033,,,,,,
238,113594.0,0.0,-0.002,0.032,,,,,,
239,113604.0,-0.002,-0.002,0.032,,,,,,
240,113614.0,-0.001,-0.002,0.032,,,,,,
241,113624.0,-0.001,-0.002,0.032,,,,,,
242,113634.0,-0.001,-0.002,0.032,,,,,,
243,113644.0,-0.001,-0.002,0.032,,,,,,
244,113654.0,-0.001,-0.002,0.032,,,,,,
245,113664.0,-0.001,-0.002,0.032,,,,,,
246,113674.0,-0.002,-0.002,0.032,,,,,,
247,113684.0,-0.002,-0.002,0.032,,,,,,
248,113694.0,-0.002,-0.002,0.032,,,,,,
249,113704.0,0.0,-0.002,0.032,,,,,,
250,113714.0,0.0,-0.002,0.032,,,,,,
251,113724.0,0.0,-0.001,0.032,,,,,,
252,113734.0,-0.001,-0.001,0.032,,,,,,
253,113744.0,0.0,-0.001,0.032,,,,,,
254,113754.0,0.0,-0.002,0.032,,,,,,
255,113764.0,0.0,-0.002,0.032,,,,,,
256,113774.0,-0.001,-0.001,0.032,,,,,,
257,113784.0,-0.001,-0.001,0.032,,,,,,
258,113794.0,-0.001,-0.002,0.032,,,,,,
259,113804.0,-0.001,-0.001,0.032,,,,,,
260,113814.0,-0.001,-0.001,0.032,,,,,,
261,113824.0,0.0,-0.002,0.032,,,,,,
262,113834.0,-0.001,-0.002,0.032,,,,,,
263,113844.0,-0.001,-0.002,0.032,,,,,,
264,113854.0,0.0,-0.001,0.033,,,,,,
265,113864.0,0.0,-0.001,0.033,,,,,,
266,113874.0,0.0,-0.001,0.033,,,,,,
267,113884.0,0.0,-0.001,0.033,,,,,,
268,113894.0,0.0,-0.001,0.033,,,,,,
269,113904.0,-0.001,-0.001,0.033,,,,,,
270,113914.0,-0.001,-0.001,0.033,,,,,,
271,113924.0,0.0,-0.001,0.033,,,,,,
272,113934.0,0.0,-0.001,0.033,,,,,,
273,113944.0,0.001,-0.001,0.032,,,,,,
274,113954.0,0.0,-0.001,0.032,,,,,,
275,113964.0,0.0,-0.001,0.032,,,,,,
276,113974.0,0.0,-0.001,0.032,,,,,,
277,113984.0,0.0,-0.001,0.033,,,,,,
278,113994.0,0.0,-0.001,0.033,,,,,,
279,114004.0,0.002,-0.001,0.033,,,,,,
280,114014.0,0.002,-0.001,0.033,,,,,,
281,114024.0,0.001,-0.001,0.033,,,,,,
282,114034.0,0.002,-0.001,0.031,,,,,,
283,114044.0,0.001,-0.001,0.031,,,,,,
284,114054.0,0.001,-0.001,0.031,,,,,,
285,114064.0,0.001,-0.001,0.031,,,,,,
286,114074.0,0.002,-0.001,0.032,,,,,,
287,114084.0,0.001,-0.001,0.032,,,,,,
288,114094.0,0.002,-0.001,0.032,,,,,,
289,114104.0,0.002,-0.001,0.032,,,,,,
290,114114.0,0.002,-0.001,0.032,,,,,,
291,114124.0,0.001,-0.001,0.032,,,,,,
292,114134.0,0.002,-0.001,0.032,,,,,,
293,114144.0,0.002,-0.001,0.032,,,,,,
294,114154.0,0.003,-0.001,0.032,,,,,,
295,114164.0,0.001,-0.001,0.031,,,,,,
296,114174.0,0.001,-0.001,0.031,,,,,,
297,114184.0,0.002,-0.001,0.032,,,,,,
298,114194.0,0.001,-0.001,0.032,,,,,,
299,114204.0,0.002,-0.001,0.031,,,,,,
300,114214.0,0.001,-0.001,0.031,,,,,,
301,114224.0,0.002,-0.001,0.031,,,,,,
302,114234.0,0.002,-0.001,0.031,,,,,,
303,114244.0,0.001,-0.001,0.031,,,,,,
304,114254.0,0.002,-0.001,0.031,,,,,,
305,114264.0,0.002,-0.001,0.031,,,,,,
306,114274.0,0.002,-0.001,0.031,,,,,,
307,114284.0,0.002,-0.001,0.031,,,,,,
308,114294.0,0.002,-0.001,0.031,,,,,,
309,114304.0,0.003,-0.001,0.031,,,,,,
310,114314.0,0.003,-0.001,0.031,,,,,,
311,114324.0,0.002,-0.001,0.031,,,,,,
312,114334.0,0.002,-0.001,0.031,,,,,,
313,114344.0,0.002,-0.001,0.031,,,,,,
314,114354.0,0.001,-0.001,0.031,,,,,,
315,114364.0,0.002,-0.001,0.031,,,,,,
316,114374.0,0.001,-0.001,0.031,,,,,,
317,114384.0,0.001,-0.001,0.031,,,,,,
318,114394.0,0.001,0.0,0.031,,,,,,
319,114404.0,0.001,0.0,0.032,,,,,,
320,114414.0,0.001,0.0,0.032,,,,,,
321,114424.0,0.001,0.0,0.032,,,,,,
322,114434.0,0.003,-0.001,0.032,,,,,,
323,114444.0,0.004,-0.001,0.032,,,,,,
324,114454.0,0.003,-0.001,0.032,,,,,,
325,114464.0,0.003,-0.001,0.032,,,,,,
326,114474.0,0.002,-0.001,0.032,,,,,,
327,114484.0,0.002,-0.001,0.033,,,,,,
328,114494.0,0.002,-0.001,0.033,,,,,,
329,114504.0,0.002,-0.001,0.033,,,,,,
330,114514.0,0.003,-0.001,0.033,,,,,,
331,114524.0,0.002,-0.001,0.033,,,,,,
332,114534.0,0.002,-0.001,0.033,,,,,,
333,114544.0,0.002,-0.001,0.033,,,,,,
334,114554.0,0.003,-0.001,0.033,,,,,,
335,114564.0,0.002,-0.001,0.033,,,,,,
336,114574.0,0.003,-0.001,0.033,,,,,,
337,114584.0,0.002,-0.001,0.033,,,,,,
338,114594.0,0.002,-0.001,0.033,,,,,,
339,114604.0,0.004,-0.001,0.033,,,,,,
340,114614.0,0.002,-0.001,0.033,,,,,,
341,114624.0,0.003,-0.001,0.033,,,,,,
342,114634.0,0.003,-0.001,0.033,,,,,,
343,114644.0,0.003,-0.001,0.033,,,,,,
344,114654.0,0.001,-0.001,0.033,,,,,,
345,114664.0,0.003,-0.001,0.033,,,,,,
346,114674.0,0.002,-0.001,0.033,,,,,,
347,114684.0,0.003,-0.001,0.033,,,,,,
348,114694.0,0.002,-0.001,0.033,,,,,,
349,114704.0,0.002,-0.001,0.033,,,,,,
350,114714.0,0.002,-0.001,0.033,,,,,,
351,114724.0,0.003,-0.001,0.033,,,,,,
352,114734.0,0.002,-0.001,0.033,,,,,,
353,114744.0,0.002,-0.002,0.034,,,,,,
354,114754.0,0.001,-0.001,0.034,,,,,,
355,114764.0,0.003,-0.001,0.034,,,,,,
356,114774.0,0.003,-0.001,0.034,,,,,,
357,114784.0,0.001,-0.001,0.032,,,,,,
358,114794.0,0.001,-0.001,0.032,,,,,,
359,114804.0,0.001,-0.001,0.032,,,,,,
360,114814.0,0.002,-0.001,0.032,,,,,,
361,114824.0,0.002,-0.001,0.032,,,,,,
362,114834.0,0.001,-0.001,0.032,,,,,,
363,114844.0,0.001,-0.001,0.032,,,,,,
364,114854.0,0.0,-0.001,0.032,,,,,,
365,114864.0,0.004,-0.001,0.032,,,,,,
366,114874.0,0.003,-0.001,0.032,,,,,,
367,114884.0,0.003,-0.001,0.032,,,,,,
368,114894.0,0.004,-0.001,0.032,,,,,,
369,114904.0,0.004,-0.001,0.032,,,,,,
370,114914.0,0.005,-0.001,0.032,,,,,,
371,114924.0,0.004,-0.002,0.032,,,,,,
372,114934.0,0.004,-0.002,0.032,,,,,,
373,114944.0,0.004,-0.001,0.032,,,,,,
374,114954.0,0.004,-0.001,0.031,,,,,,
375,114964.0,0.003,-0.001,0.031,,,,,,
376,114974.0,0.004,-0.001,0.031,,,,,,
377,114984.0,0.004,-0.001,0.031,,,,,,
378,114994.0,0.003,-0.002,0.031,,,,,,
379,115004.0,0.003,-0.002,0.031,,,,,,
380,115014.0,0.003,-0.002,0.031,,,,,,
381,115024.0,0.005,-0.002,0.031,,,,,,
382,115034.0,0.004,-0.002,0.031,,,,,,
383,115044.0,0.005,-0.002,0.031,,,,,,
384,115054.0,0.005,-0.002,0.03,,,,,,
385,115064.0,0.005,-0.002,0.03,,,,,,
386,115074.0,0.006,-0.002,0.03,,,,,,
387,115084.0,0.006,-0.002,0.031,,,,,,
388,115094.0,0.003,-0.002,0.031,,,,,,
389,115104.0,0.004,-0.002,0.031,,,,,,
390,115114.0,0.003,-0.002,0.031,,,,,,
391,115124.0,0.004,-0.002,0.031,,,,,,
392,115134.0,0.004,-0.002,0.031,,,,,,
393,115144.0,0.004,-0.002,0.031,,,,,,
394,115154.0,0.004,-0.002,0.031,,,,,,
395,115164.0,0.003,-0.002,0.031,,,,,,
396,115174.0,0.004,-0.002,0.032,,,,,,
397,115184.0,0.004,-0.002,0.032,,,,,,
398,115194.0,0.004,-0.002,0.032,,,,,,
399,115204.0,0.004,-0.002,0.032,,,,,,
400,115214.0,0.004,-0.002,0.032,,,,,,
401,115224.0,0.004,-0.002,0.031,,,,,,
402,115234.0,0.004,-0.002,0.031,,,,,,
403,115244.0,0.005,-0.002,0.031,,,,,,
404,115254.0,0.003,-0.002,0.031,,,,,,
405,115264.0,0.003,-0.002,0.032,,,,,,
406,115274.0,0.004,-0.002,0.032,,,,,,
407,115284.0,0.004,-0.002,0.032,,,,,,
408,115294.0,0.004,-0.002,0.032,,,,,,
409,115304.0,0.005,-0.002,0.032,,,,,,
410,115314.0,0.006,-0.002,0.032,,,,,,
411,115324.0,0.005,-0.002,0.032,,,,,,
412,115334.0,0.004,-0.002,0.032,,,,,,
413,115344.0,0.006,-0.002,0.032,,,,,,
414,115354.0,0.006,-0.002,0.032,,,,,,
415,115364.0,0.006,-0.002,0.032,,,,,,
416,115374.0,0.006,-0.002,0.032,,,,,,
417,115384.0,0.005,-0.002,0.032,,,,,,
418,115394.0,0.004,-0.002,0.033,,,,,,
419,115404.0,0.004,-0.002,0.033,,,,,,
420,115414.0,0.005,-0.002,0.033,,,,,,
421,115424.0,0.004,-0.002,0.033,,,,,,
422,115434.0,0.005,-0.002,0.033,,,,,,
423,115444.0,0.005,-0.002,0.033,,,,,,
424,115454.0,0.005,-0.002,0.034,,,,,,
425,115464.0,0.004,-0.002,0.034,,,,,,
426,115474.0,0.004,-0.002,0.034,,,,,,
427,115484.0,0.004,-0.002,0.034,,,,,,
428,115494.0,0.004,-0.002,0.034,,,,,,
429,115504.0,0.004,-0.002,0.034,,,,,,
430,115514.0,0.005,-0.002,0.034,,,,,,
431,115524.0,0.005,-0.002,0.032,,,,,,
432,115534.0,0.004,-0.002,0.033,,,,,,
433,115544.0,0.005,-0.002,0.033,,,,,,
434,115554.0,0.004,-0.002,0.033,,,,,,
435,115564.0,0.004,-0.002,0.033,,,,,,
436,115574.0,0.004,-0.003,0.03,,,,,,
437,115584.0,0.005,-0.002,0.03,,,,,,
438,115594.0,0.004,-0.002,0.03,,,,,,
439,115604.0,0.004,-0.002,0.03,,,,,,
440,115614.0,0.005,-0.002,0.03,,,,,,
441,115624.0,0.004,-0.002,0.03,,,,,,
442,115634.0,0.004,-0.002,0.03,,,,,,
443,115644.0,0.004,-0.002,0.03,,,,,,
444,115654.0,0.005,-0.002,0.03,,,,,,
445,115664.0,0.004,-0.002,0.03,,,,,,
446,115674.0,0.005,-0.002,0.03,,,,,,
447,115684.0,0.005,-0.002,0.03,,,,,,
448,115694.0,0.005,-0.002,0.03,,,,,,
449,115704.0,0.005,-0.002,0.031,,,,,,
450,115714.0,0.004,-0.002,0.031,,,,,,
451,115724.0,0.004,-0.002,0.031,,,,,,
452,115734.0,0.004,-0.003,0.031,,,,,,
453,115744.0,0.004,-0.003,0.031,,,,,,
454,115754.0,0.004,-0.003,0.031,,,,,,
455,115764.0,0.004,-0.003,0.031,,,,,,
456,115774.0,0.004,-0.002,0.031,,,,,,
457,115784.0,0.005,-0.002,0.031,,,,,,
458,115794.0,0.004,-0.003,0.031,,,,,,
459,115804.0,0.004,-0.003,0.031,,,,,,
460,115814.0,0.005,-0.003,0.031,,,,,,
461,115824.0,0.005,-0.003,0.031,,,,,,
462,115834.0,0.005,-0.003,0.031,,,,,,
463,115844.0,0.002,-0.003,0.032,,,,,,
464,115854.0,0.002,-0.003,0.032,,,,,,
465,115864.0,0.003,-0.003,0.032,,,,,,
466,115874.0,0.002,-0.003,0.032,,,,,,
467,115884.0,0.001,-0.003,0.033,,,,,,
468,115894.0,0.001,-0.002,0.033,,,,,,
469,115904.0,0.001,-0.002,0.033,,,,,,
470,115914.0,0.003,-0.002,0.033,,,,,,
471,115924.0,0.002,-0.003,0.033,,,,,,
472,115934.0,0.003,-0.003,0.033,,,,,,
473,115944.0,0.003,-0.003,0.034,,,,,,
474,115954.0,0.003,-0.002,0.034,,,,,,
475,115964.0,0.003,-0.002,0.033,,,,,,
476,115974.0,0.002,-0.002,0.033,,,,,,
477,115984.0,0.003,-0.002,0.033,,,,,,
478,115994.0,0.003,-0.002,0.033,,,,,,
479,116004.0,0.003,-0.003,0.033,,,,,,
480,116014.0,0.003,-0.002,0.032,,,,,,
481,116024.0,0.002,-0.002,0.032,,,,,,
482,116034.0,0.003,-0.002,0.033,,,,,,
483,116044.0,0.003,-0.002,0.033,,,,,,
484,116054.0,0.004,-0.002,0.032,,,,,,
485,116064.0,0.003,-0.002,0.032,,,,,,
486,116074.0,0.003,-0.002,0.032,,,,,,
487,116084.0,0.004,-0.002,0.032,,,,,,
488,116094.0,0.004,-0.002,0.032,,,,,,
489,116104.0,0.003,-0.002,0.033,,,,,,
490,116114.0,0.003,-0.002,0.033,,,,,,
491,116124.0,0.005,-0.002,0.033,,,,,,
492,116134.0,0.005,-0.002,0.033,,,,,,
493,116144.0,0.005,-0.002,0.033,,,,,,
494,116154.0,0.004,-0.002,0.033,,,,,,
495,116164.0,0.004,-0.002,0.033,,,,,,
496,116174.0,0.005,-0.002,0.033,,,,,,
497,116184.0,0.005,-0.002,0.032,,,,,,
498,116194.0,0.005,-0.002,0.032,,,,,,
499,116204.0,0.004,-0.002,0.032,,,,,,
500,116214.0,0.003,-0.002,0.032,,,,,,
501,116224.0,0.004,-0.002,0.032,,,,,,
502,116234.0,0.003,-0.002,0.033,,,,,,
503,116244.0,0.004,-0.002,0.033,,,,,,
504,116254.0,0.004,-0.002,0.033,,,,,,
505,116264.0,0.005,-0.003,0.033,,,,,,
506,116274.0,0.005,-0.002,0.032,,,,,,
507,116284.0,0.004,-0.003,0.032,,,,,,
508,116294.0,0.003,-0.003,0.032,,,,,,
509,116304.0,0.005,-0.002,0.032,,,,,,
510,116314.0,0.004,-0.002,0.032,,,,,,
511,116324.0,0.004,-0.002,0.033,,,,,,
512,116334.0,0.004,-0.002,0.033,,,,,,
513,116344.0,0.004,-0.002,0.033,,,,,,
514,116354.0,0.005,-0.002,0.033,,,,,,
515,116364.0,0.004,-0.002,0.034,,,,,,
516,116374.0,0.004,-0.002,0.034,,,,,,
517,116384.0,0.004,-0.002,0.034,,,,,,
518,116394.0,0.005,-0.002,0.035,,,,,,
519,116404.0,0.005,-0.002,0.033,,,,,,
520,116414.0,0.004,-0.002,0.034,,,,,,
521,116424.0,0.005,-0.002,0.034,,,,,,
522,116434.0,0.004,-0.003,0.034,,,,,,
523,116444.0,0.005,-0.002,0.034,,,,,,
524,116454.0,0.005,-0.002,0.034,,,,,,
525,116464.0,0.004,-0.003,0.034,,,,,,
526,116474.0,0.004,-0.003,0.034,,,,,,
527,116484.0,0.003,-0.002,0.034,,,,,,
528,116494.0,0.004,-0.002,0.034,,,,,,
529,116504.0,0.003,-0.002,0.034,,,,,,
530,116514.0,0.003,-0.002,0.034,,,,,,
531,116524.0,0.003,-0.002,0.034,,,,,,
532,116534.0,0.003,-0.002,0.034,,,,,,
533,116544.0,0.002,-0.002,0.033,,,,,,
534,116554.0,0.003,-0.002,0.033,,,,,,
535,116564.0,0.003,-0.002,0.033,,,,,,
536,116574.0,0.003,-0.002,0.033,,,,,,
537,116584.0,0.003,-0.002,0.033,,,,,,
538,116594.0,0.002,-0.002,0.033,,,,,,
539,116604.0,0.003,-0.002,0.033,,,,,,
540,116614.0,0.003,-0.002,0.033,,,,,,
541,116624.0,0.002,-0.002,0.031,,,,,,
542,116634.0,0.002,-0.002,0.031,,,,,,
543,116644.0,0.003,-0.002,0.031,,,,,,
544,116654.0,0.002,-0.002,0.031,,,,,,
545,116664.0,0.003,-0.002,0.031,,,,,,
546,116674.0,0.003,-0.002,0.032,,,,,,
547,116684.0,0.003,-0.002,0.032,,,,,,
548,116694.0,0.003,-0.002,0.032,,,,,,
549,116704.0,0.003,-0.002,0.032,,,,,,
550,116714.0,0.003,-0.002,0.033,,,,,,
551,116724.0,0.003,-0.002,0.033,,,,,,
552,116734.0,0.003,-0.002,0.033,,,,,,
553,116744.0,0.003,-0.002,0.033,,,,,,
554,116754.0,0.003,-0.002,0.033,,,,,,
555,116764.0,0.0,-0.002,0.032,,,,,,
556,116774.0,0.002,-0.002,0.032,,,,,,
557,116784.0,0.002,-0.002,0.032,,,,,,
558,116794.0,0.001,-0.002,0.032,,,,,,
559,116804.0,0.001,-0.002,0.032,,,,,,
560,116814.0,0.002,-0.002,0.032,,,,,,
561,116824.0,0.0,-0.002,0.032,,,,,,
562,116834.0,0.002,-0.002,0.032,,,,,,
563,116844.0,0.0,-0.002,0.031,,,,,,
564,116854.0,0.0,-0.001,0.031,,,,,,
565,116864.0,0.003,-0.002,0.031,,,,,,
566,116874.0,0.003,-0.002,0.031,,,,,,
567,116884.0,0.003,-0.002,0.031,,,,,,
568,116894.0,0.003,-0.002,0.032,,,,,,
569,116904.0,0.002,-0.002,0.032,,,,,,
570,116914.0,0.003,-0.002,0.032,,,,,,
571,116924.0,0.003,-0.002,0.032,,,,,,
572,116934.0,0.002,-0.002,0.032,,,,,,
573,116944.0,0.003,-0.002,0.032,,,,,,
574,116954.0,0.003,-0.002,0.032,,,,,,
575,116964.0,0.003,-0.002,0.032,,,,,,
576,116974.0,0.002,-0.002,0.032,,,,,,
577,116984.0,0.002,-0.002,0.032,,,,,,
578,116994.0,0.003,-0.002,0.032,,,,,,
579,117004.0,0.003,-0.002,0.032,,,,,,
580,117014.0,0.003,-0.002,0.032,,,,,,
581,117024.0,0.003,-0.002,0.032,,,,,,
582,117034.0,0.002,-0.002,0.032,,,,,,
583,117044.0,0.003,-0.002,0.032,,,,,,
584,117054.0,0.003,-0.002,0.033,,,,,,
585,117064.0,0.003,-0.003,0.032,,,,,,
586,117074.0,0.002,-0.003,0.032,,,,,,
587,117084.0,0.002,-0.003,0.032,,,,,,
588,117094.0,0.004,-0.002,0.032,,,,,,
589,117104.0,0.004,-0.002,0.032,,,,,,
590,117114.0,0.002,-0.002,0.031,,,,,,
591,117124.0,0.002,-0.002,0.031,,,,,,
592,117134.0,0.002,-0.002,0.031,,,,,,
593,117144.0,0.003,-0.002,0.031,,,,,,
594,117154.0,0.002,-0.002,0.032,,,,,,
595,117164.0,0.002,-0.002,0.032,,,,,,
596,117174.0,0.002,-0.002,0.032,,,,,,
597,117184.0,0.003,-0.002,0.032,,,,,,
598,117194.0,0.004,-0.002,0.032,,,,,,
599,117204.0,0.003,-0.002,0.032,,,,,,
600,117214.0,0.002,-0.002,0.032,,,,,,
601,117224.0,0.003,-0.002,0.032,,,,,,
602,117234.0,0.002,-0.002,0.032,,,,,,
603,117244.0,0.003,-0.002,0.032,,,,,,
604,117254.0,0.002,-0.002,0.032,,,,,,
605,117264.0,0.002,-0.002,0.032,,,,,,
606,117274.0,0.002,-0.002,0.032,,,,,,
607,117284.0,0.004,-0.002,0.031,,,,,,
608,117294.0,0.004,-0.002,0.032,,,,,,
609,117304.0,0.003,-0.002,0.032,,,,,,
610,117314.0,0.005,-0.002,0.032,,,,,,
611,117324.0,0.004,-0.002,0.032,,,,,,
612,117334.0,0.005,-0.002,0.032,,,,,,
613,117344.0,0.004,-0.002,0.032,,,,,,
614,117354.0,0.004,-0.002,0.032,,,,,,
615,117364.0,0.005,-0.002,0.032,,,,,,
616,117374.0,0.005,-0.002,0.033,,,,,,
617,117384.0,0.004,-0.002,0.033,,,,,,
618,117394.0,0.005,-0.002,0.033,,,,,,
619,117404.0,0.004,-0.002,0.033,,,,,,
620,117414.0,0.005,-0.002,0.033,,,,,,
621,117424.0,0.004,-0.002,0.033,,,,,,
622,117434.0,0.005,-0.002,0.034,,,,,,
623,117444.0,0.004,-0.002,0.034,,,,,,
624,117454.0,0.005,-0.002,0.034,,,,,,
625,117464.0,0.006,-0.002,0.034,,,,,,
626,117474.0,0.006,-0.002,0.034,,,,,,
627,117484.0,0.004,-0.002,0.034,,,,,,
628,117494.0,0.005,-0.002,0.034,,,,,,
629,117504.0,0.006,-0.002,0.034,,,,,,
630,117514.0,0.004,-0.002,0.034,,,,,,
631,117524.0,0.004,-0.002,0.034,,,,,,
632,117534.0,0.005,-0.002,0.034,,,,,,
633,117544.0,0.006,-0.002,0.034,,,,,,
634,117554.0,0.006,-0.002,0.033,,,,,,
635,117564.0,0.006,-0.002,0.033,,,,,,
636,117574.0,0.006,-0.002,0.033,,,,,,
637,117584.0,0.005,-0.002,0.033,,,,,,
638,117594.0,0.006,-0.002,0.033,,,,,,
639,117604.0,0.005,-0.002,0.033,,,,,,
640,117614.0,0.006,-0.002,0.033,,,,,,
641,117624.0,0.006,-0.002,0.033,,,,,,
642,117634.0,0.006,-0.002,0.033,,,,,,
643,117644.0,0.004,-0.002,0.032,,,,,,
644,117654.0,0.004,-0.002,0.032,,,,,,
645,117664.0,0.004,-0.002,0.032,,,,,,
646,117674.0,0.004,-0.002,0.032,,,,,,
647,117684.0,0.006,-0.002,0.031,,,,,,
648,117694.0,0.005,-0.002,0.031,,,,,,
649,117704.0,0.005,-0.002,0.031,,,,,,
650,117714.0,0.005,-0.002,0.031,,,,,,
651,117724.0,0.007,-0.002,0.031,,,,,,
652,117734.0,0.006,-0.002,0.031,,,,,,
653,117744.0,0.006,-0.002,0.031,,,,,,
654,117754.0,0.007,-0.002,0.031,,,,,,
655,117764.0,0.007,-0.002,0.031,,,,,,
656,117774.0,0.007,-0.002,0.031,,,,,,
657,117784.0,0.007,-0.002,0.031,,,,,,
658,117794.0,0.008,-0.002,0.031,,,,,,
659,117804.0,0.007,-0.002,0.031,,,,,,
660,117814.0,0.008,-0.002,0.031,,,,,,
661,117824.0,0.005,-0.002,0.031,,,,,,
662,117834.0,0.006,-0.002,0.032,,,,,,
663,117844.0,0.006,-0.002,0.032,,,,,,
664,117854.0,0.005,-0.002,0.032,,,,,,
665,117864.0,0.006,-0.002,0.032,,,,,,
666,117874.0,0.006,-0.002,0.032,,,,,,
667,117884.0,0.007,-0.002,0.032,,,,,,
668,117894.0,0.004,-0.003,0.032,,,,,,
669,117904.0,0.004,-0.003,0.031,,,,,,
670,117914.0,0.004,-0.003,0.031,,,,,,
671,117924.0,0.005,-0.003,0.031,,,,,,
672,117934.0,0.004,-0.003,0.031,,,,,,
673,117944.0,0.005,-0.003,0.03,,,,,,
674,117954.0,0.005,-0.003,0.03,,,,,,
675,117964.0,0.004,-0.003,0.03,,,,,,
676,117974.0,0.004,-0.003,0.029,,,,,,
677,117984.0,0.004,-0.003,0.029,,,,,,
678,117994.0,0.004,-0.003,0.03,,,,,,
679,118004.0,0.004,-0.003,0.03,,,,,,
680,118014.0,0.004,-0.003,0.03,,,,,,
681,118024.0,0.003,-0.003,0.03,,,,,,
682,118034.0,0.003,-0.003,0.03,,,,,,
683,118044.0,0.003,-0.003,0.03,,,,,,
684,118054.0,0.005,-0.003,0.03,,,,,,
685,118064.0,0.006,-0.003,0.03,,,,,,
686,118074.0,0.006,-0.003,0.03,,,,,,
687,118084.0,0.006,-0.003,0.031,,,,,,
688,118094.0,0.005,-0.003,0.031,,,,,,
689,118104.0,0.006,-0.003,0.031,,,,,,
690,118114.0,0.006,-0.003,0.031,,,,,,
691,118124.0,0.004,-0.003,0.031,,,,,,
692,118134.0,0.005,-0.003,0.032,,,,,,
693,118144.0,0.004,-0.003,0.032,,,,,,
694,118154.0,0.004,-0.003,0.032,,,,,,
695,118164.0,0.004,-0.003,0.032,,,,,,
696,118174.0,0.004,-0.003,0.032,,,,,,
697,118184.0,0.004,-0.003,0.032,,,,,,
698,118194.0,0.005,-0.003,0.032,,,,,,
699,118204.0,0.005,-0.003,0.033,,,,,,
700,118214.0,0.005,-0.003,0.033,,,,,,
701,118224.0,0.005,-0.003,0.033,,,,,,
702,118234.0,0.005,-0.003,0.033,,,,,,
703,118244.0,0.004,-0.003,0.033,,,,,,
704,118254.0,0.004,-0.003,0.032,,,,,,
705,118264.0,0.004,-0.003,0.032,,,,,,
706,118274.0,0.004,-0.003,0.032,,,,,,
707,118284.0,0.005,-0.003,0.032,,,,,,
708,118294.0,0.004,-0.003,0.032,,,,,,
709,118304.0,0.004,-0.003,0.033,,,,,,
710,118314.0,0.004,-0.003,0.033,,,,,,
711,118324.0,0.006,-0.003,0.033,,,,,,
712,118334.0,0.006,-0.003,0.033,,,,,,
713,118344.0,0.006,-0.003,0.032,,,,,,
714,118354.0,0.005,-0.003,0.033,,,,,,
715,118364.0,0.005,-0.003,0.033,,,,,,
716,118374.0,0.006,-0.003,0.033,,,,,,
717,118384.0,0.006,-0.003,0.033,,,,,,
718,118394.0,0.005,-0.004,0.033,,,,,,
719,118404.0,0.005,-0.003,0.033,,,,,,
720,118414.0,0.005,-0.003,0.033,,,,,,
721,118424.0,0.004,-0.003,0.034,,,,,,
722,118434.0,0.005,-0.003,0.033,,,,,,
723,118444.0,0.005,-0.003,0.033,,,,,,
724,118454.0,0.005,-0.003,0.033,,,,,,
725,118464.0,0.005,-0.003,0.033,,,,,,
726,118474.0,0.005,-0.003,0.032,,,,,,
727,118484.0,0.004,-0.003,0.032,,,,,,
728,118494.0,0.004,-0.003,0.033,,,,,,
729,118504.0,0.005,-0.003,0.033,,,,,,
730,118514.0,0.005,-0.003,0.033,,,,,,
731,118524.0,0.004,-0.003,0.033,,,,,,
732,118534.0,0.004,-0.003,0.033,,,,,,
733,118544.0,0.005,-0.003,0.033,,,,,,
734,118554.0,0.005,-0.003,0.033,,,,,,
735,118564.0,0.004,-0.003,0.032,,,,,,
736,118574.0,0.003,-0.003,0.032,,,,,,
737,118584.0,0.003,-0.003,0.032,,,,,,
738,118594.0,0.004,-0.003,0.032,,,,,,
739,118604.0,0.003,-0.003,0.032,,,,,,
740,118614.0,0.003,-0.003,0.032,,,,,,
741,118624.0,0.004,-0.003,0.033,,,,,,
742,118634.0,0.003,-0.003,0.033,,,,,,
743,118644.0,0.003,-0.003,0.033,,,,,,
744,118654.0,0.004,-0.003,0.033,,,,,,
745,118664.0,0.004,-0.003,0.033,,,,,,
746,118674.0,0.006,-0.004,0.033,,,,,,
747,118684.0,0.005,-0.004,0.033,,,,,,
748,118694.0,0.005,-0.004,0.033,,,,,,
749,118704.0,0.005,-0.004,0.033,,,,,,
750,118714.0,0.005,-0.004,0.033,,,,,,
751,118724.0,0.004,-0.003,0.033,,,,,,
752,118734.0,0.006,-0.003,0.033,,,,,,
753,118744.0,0.006,-0.003,0.032,,,,,,
754,118754.0,0.005,-0.003,0.032,,,,,,
755,118764.0,0.004,-0.003,0.032,,,,,,
756,118774.0,0.005,-0.003,0.033,,,,,,
757,118784.0,0.005,-0.003,0.032,,,,,,
758,118794.0,0.005,-0.003,0.032,,,,,,
759,118804.0,0.005,-0.004,0.032,,,,,,
760,118814.0,0.006,-0.004,0.032,,,,,,
761,118824.0,0.006,-0.004,0.032,,,,,,
762,118834.0,0.005,-0.003,0.032,,,,,,
763,118844.0,0.006,-0.003,0.032,,,,,,
764,118854.0,0.006,-0.003,0.032,,,,,,
765,118864.0,0.006,-0.003,0.032,,,,,,
766,118874.0,0.006,-0.003,0.032,,,,,,
767,118884.0,0.005,-0.003,0.032,,,,,,
768,118894.0,0.005,-0.003,0.032,,,,,,
769,118904.0,0.005,-0.004,0.032,,,,,,
770,118914.0,0.006,-0.003,0.032,,,,,,
771,118924.0,0.005,-0.003,0.032,,,,,,
772,118934.0,0.006,-0.003,0.032,,,,,,
773,118944.0,0.005,-0.003,0.032,,,,,,
774,118954.0,0.005,-0.003,0.032,,,,,,
775,118964.0,0.005,-0.003,0.03,,,,,,
776,118974.0,0.006,-0.003,0.03,,,,,,
777,118984.0,0.005,-0.003,0.03,,,,,,
778,118994.0,0.005,-0.003,0.03,,,,,,
779,119004.0,0.005,-0.003,0.031,,,,,,
780,119014.0,0.004,-0.003,0.031,,,,,,
781,119024.0,0.004,-0.003,0.031,,,,,,
782,119034.0,0.003,-0.003,0.031,,,,,,
783,119044.0,0.003,-0.003,0.031,,,,,,
784,119054.0,0.003,-0.003,0.031,,,,,,
785,119064.0,0.006,-0.003,0.032,,,,,,
786,119074.0,0.006,-0.003,0.032,,,,,,
787,119084.0,0.005,-0.003,0.032,,,,,,
788,119094.0,0.005,-0.003,0.032,,,,,,
789,119104.0,0.006,-0.003,0.032,,,,,,
790,119114.0,0.006,-0.003,0.032,,,,,,
791,119124.0,0.005,-0.003,0.032,,,,,,
792,119134.0,0.006,-0.003,0.031,,,,,,
793,119144.0,0.005,-0.003,0.031,,,,,,
794,119154.0,0.006,-0.003,0.031,,,,,,
795,119164.0,0.006,-0.003,0.031,,,,,,
796,119174.0,0.005,-0.003,0.032,,,,,,
797,119184.0,0.005,-0.004,0.032,,,,,,
798,119194.0,0.005,-0.003,0.032,,,,,,
799,119204.0,0.005,-0.003,0.032,,,,,,
800,119214.0,0.006,-0.003,0.032,,,,,,
801,119224.0,0.006,-0.003,0.031,,,,,,
802,119234.0,0.006,-0.003,0.031,,,,,,
803,119244.0,0.007,-0.003,0.031,,,,,,
804,119254.0,0.008,-0.003,0.031,,,,,,
805,119264.0,0.007,-0.003,0.032,,,,,,
806,119274.0,0.007,-0.003,0.032,,,,,,
807,119284.0,0.007,-0.003,0.032,,,,,,
808,119294.0,0.007,-0.003,0.032,,,,,,
809,119304.0,0.007,-0.003,0.032,,,,,,
810,119314.0,0.006,-0.003,0.031,,,,,,
811,119324.0,0.006,-0.003,0.031,,,,,,
812,119334.0,0.006,-0.003,0.031,,,,,,
813,119344.0,0.007,-0.003,0.031,,,,,,
814,119354.0,0.007,-0.003,0.031,,,,,,
815,119364.0,0.007,-0.003,0.032,,,,,,
816,119374.0,0.008,-0.003,0.032,,,,,,
817,119384.0,0.008,-0.003,0.032,,,,,,
818,119394.0,0.008,-0.003,0.032,,,,,,
819,119404.0,0.007,-0.003,0.031,,,,,,
820,119414.0,0.008,-0.003,0.031,,,,,,
821,119424.0,0.008,-0.003,0.031,,,,,,
822,119434.0,0.008,-0.003,0.031,,,,,,
823,119444.0,0.007,-0.003,0.031,,,,,,
824,119454.0,0.008,-0.004,0.031,,,,,,
825,119464.0,0.007,-0.003,0.031,,,,,,
826,119474.0,0.007,-0.002,0.031,,,,,,
827,119484.0,0.008,-0.003,0.031,,,,,,
828,119494.0,0.007,-0.003,0.031,,,,,,
829,119504.0,0.007,-0.003,0.031,,,,,,
830,119514.0,0.007,-0.003,0.031,,,,,,
831,119524.0,0.007,-0.003,0.031,,,,,,
832,119534.0,0.007,-0.003,0.032,,,,,,
833,119544.0,0.008,-0.003,0.032,,,,,,
834,119554.0,0.008,-0.003,0.032,,,,,,
835,119564.0,0.009,-0.003,0.032,,,,,,
836,119574.0,0.009,-0.003,0.032,,,,,,
837,119584.0,0.008,-0.003,0.032,,,,,,
838,119594.0,0.008,-0.003,0.032,,,,,,
839,119604.0,0.008,-0.003,0.032,,,,,,
840,119614.0,0.007,-0.003,0.032,,,,,,
841,119624.0,0.008,-0.003,0.033,,,,,,
842,119634.0,0.008,-0.003,0.033,,,,,,
843,119644.0,0.007,-0.003,0.034,,,,,,
844,119654.0,0.008,-0.003,0.034,,,,,,
845,119664.0,0.008,-0.003,0.034,,,,,,
846,119674.0,0.007,-0.003,0.034,,,,,,
847,119684.0,0.008,-0.003,0.034,,,,,,
848,119694.0,0.009,-0.003,0.034,,,,,,
849,119704.0,0.009,-0.003,0.033,,,,,,
850,119714.0,0.009,-0.003,0.033,,,,,,
851,119724.0,0.009,-0.003,0.033,,,,,,
852,119734.0,0.009,-0.003,0.033,,,,,,
853,119744.0,0.009,-0.003,0.034,,,,,,
854,119754.0,0.009,-0.003,0.033,,,,,,
855,119764.0,0.007,-0.003,0.033,,,,,,
856,119774.0,0.007,-0.003,0.033,,,,,,
857,119784.0,0.01,-0.003,0.033,,,,,,
858,119794.0,0.009,-0.003,0.033,,,,,,
859,119804.0,0.009,-0.003,0.033,,,,,,
860,119814.0,0.01,-0.003,0.033,,,,,,
861,119824.0,0.01,-0.003,0.033,,,,,,
862,119834.0,0.011,-0.003,0.033,,,,,,
863,119844.0,0.01,-0.003,0.033,,,,,,
864,119854.0,0.01,-0.003,0.033,,,,,,
865,119864.0,0.01,-0.003,0.033,,,,,,
866,119874.0,0.01,-0.003,0.033,,,,,,
867,119884.0,0.01,-0.003,0.033,,,,,,
868,119894.0,0.009,-0.003,0.033,,,,,,
869,119904.0,0.01,-0.003,0.033,,,,,,
870,119914.0,0.01,-0.003,0.033,,,,,,
871,119924.0,0.01,-0.003,0.032,,,,,,
872,119934.0,0.009,-0.003,0.032,,,,,,
873,119944.0,0.009,-0.003,0.032,,,,,,
874,119954.0,0.009,-0.002,0.032,,,,,,
875,119964.0,0.009,-0.002,0.032,,,,,,
876,119974.0,0.01,-0.003,0.032,,,,,,
877,119984.0,0.011,-0.002,0.032,,,,,,
878,119994.0,0.01,-0.002,0.032,,,,,,
879,120004.0,0.009,-0.003,0.032,,,,,,
880,120014.0,0.011,-0.002,0.034,,,,,,
881,120024.0,0.01,-0.002,0.034,,,,,,
882,120034.0,0.009,-0.002,0.034,,,,,,
883,120044.0,0.009,-0.002,0.034,,,,,,
884,120054.0,0.01,-0.002,0.034,,,,,,
885,120064.0,0.01,-0.002,0.034,,,,,,
886,120074.0,0.01,-0.002,0.034,,,,,,
887,120084.0,0.011,-0.002,0.034,,,,,,
888,120094.0,0.01,-0.002,0.034,,,,,,
889,120104.0,0.012,-0.003,0.034,,,,,,
890,120114.0,0.01,-0.002,0.034,,,,,,
891,120124.0,0.011,-0.002,0.034,,,,,,
892,120134.0,0.01,-0.002,0.034,,,,,,
893,120144.0,0.012,-0.002,0.032,,,,,,
894,120154.0,0.011,-0.002,0.032,,,,,,
895,120164.0,0.012,-0.002,0.032,,,,,,
896,120174.0,0.012,-0.002,0.032,,,,,,
897,120184.0,0.012,-0.003,0.032,,,,,,
898,120194.0,0.01,-0.002,0.031,,,,,,
899,120204.0,0.011,-0.002,0.031,,,,,,
900,120214.0,0.01,-0.002,0.031,,,,,,
901,120224.0,0.011,-0.002,0.031,,,,,,
902,120234.0,0.011,-0.002,0.032,,,,,,
903,120244.0,0.011,-0.002,0.032,,,,,,
904,120254.0,0.013,-0.002,0.032,,,,,,
905,120264.0,0.013,-0.002,0.032,,,,,,
906,120274.0,0.012,-0.003,0.032,,,,,,
907,120284.0,0.012,-0.002,0.032,,,,,,
908,120294.0,0.013,-0.002,0.032,,,,,,
909,120304.0,0.012,-0.002,0.032,,,,,,
910,120314.0,0.013,-0.003,0.032,,,,,,
911,120324.0,0.013,-0.002,0.032,,,,,,
912,120334.0,0.012,-0.002,0.032,,,,,,
913,120344.0,0.013,-0.002,0.032,,,,,,
914,120354.0,0.012,-0.002,0.032,,,,,,
915,120364.0,0.013,-0.002,0.032,,,,,,
916,120374.0,0.012,-0.002,0.032,,,,,,
917,120384.0,0.013,-0.002,0.032,,,,,,
918,120394.0,0.013,-0.002,0.032,,,,,,
919,120404.0,0.012,-0.002,0.032,,,,,,
920,120414.0,0.013,-0.003,0.032,,,,,,
921,120424.0,0.013,-0.002,0.032,,,,,,
922,120434.0,0.013,-0.002,0.032,,,,,,
923,120444.0,0.014,-0.003,0.032,,,,,,
924,120454.0,0.014,-0.003,0.032,,,,,,
925,120464.0,0.012,-0.003,0.032,,,,,,
926,120474.0,0.014,-0.002,0.032,,,,,,
927,120484.0,0.014,-0.002,0.032,,,,,,
928,120494.0,0.014,-0.003,0.033,,,,,,
929,120504.0,0.013,-0.002,0.033,,,,,,
930,120514.0,0.014,-0.002,0.033,,,,,,
931,120524.0,0.014,-0.003,0.033,,,,,,
932,120534.0,0.013,-0.003,0.033,,,,,,
933,120544.0,0.013,-0.003,0.033,,,,,,
934,120554.0,0.013,-0.003,0.033,,,,,,
935,120564.0,0.013,-0.003,0.033,,,,,,
936,120574.0,0.016,-0.003,0.033,,,,,,
937,120584.0,0.016,-0.003,0.032,,,,,,
938,120594.0,0.015,-0.003,0.032,,,,,,
939,120604.0,0.016,-0.003,0.032,,,,,,
940,120614.0,0.016,-0.002,0.032,,,,,,
941,120624.0,0.016,-0.003,0.032,,,,,,
942,120634.0,0.016,-0.003,0.032,,,,,,
943,120644.0,0.015,-0.003,0.032,,,,,,
944,120654.0,0.015,-0.002,0.032,,,,,,
945,120664.0,0.015,-0.002,0.032,,,,,,
946,120674.0,0.015,-0.003,0.031,,,,,,
947,120684.0,0.015,-0.003,0.031,,,,,,
948,120694.0,0.018,-0.003,0.031,,,,,,
949,120704.0,0.018,-0.003,0.031,,,,,,
950,120714.0,0.017,-0.003,0.031,,,,,,
951,120724.0,0.017,-0.003,0.032,,,,,,
952,120734.0,0.017,-0.003,0.032,,,,,,
953,120744.0,0.017,-0.003,0.032,,,,,,
954,120754.0,0.018,-0.003,0.032,,,,,,
955,120764.0,0.018,-0.003,0.032,,,,,,
956,120774.0,0.016,-0.003,0.032,,,,,,
957,120784.0,0.016,-0.003,0.032,,,,,,
958,120794.0,0.016,-0.003,0.032,,,,,,
959,120804.0,0.017,-0.003,0.031,,,,,,
960,120814.0,0.017,-0.003,0.031,,,,,,
961,120824.0,0.016,-0.003,0.031,,,,,,
962,120834.0,0.016,-0.003,0.031,,,,,,
963,120844.0,0.018,-0.003,0.031,,,,,,
964,120854.0,0.017,-0.003,0.032,,,,,,
965,120864.0,0.017,-0.003,0.032,,,,,,
966,120874.0,0.017,-0.003,0.032,,,,,,
967,120884.0,0.018,-0.003,0.032,,,,,,
968,120894.0,0.018,-0.003,0.032,,,,,,
969,120904.0,0.016,-0.003,0.032,,,,,,
970,120914.0,0.017,-0.003,0.033,,,,,,
971,120924.0,0.017,-0.003,0.033,,,,,,
972,120934.0,0.018,-0.003,0.033,,,,,,
973,120944.0,0.016,-0.003,0.033,,,,,,
974,120954.0,0.016,-0.003,0.033,,,,,,
975,120964.0,0.016,-0.003,0.033,,,,,,
976,120974.0,0.016,-0.003,0.033,,,,,,
977,120984.0,0.018,-0.003,0.033,,,,,,
978,120994.0,0.016,-0.003,0.033,,,,,,
979,121004.0,0.016,-0.003,0.033,,,,,,
980,121014.0,0.016,-0.003,0.033,,,,,,
981,121024.0,0.016,-0.003,0.032,,,,,,
982,121034.0,0.016,-0.003,0.032,,,,,,
983,121044.0,0.016,-0.003,0.032,,,,,,
984,121054.0,0.016,-0.003,0.032,,,,,,
985,121064.0,0.02,-0.003,0.033,,,,,,
986,121074.0,0.019,-0.003,0.032,,,,,,
987,121084.0,0.02,-0.003,0.032,,,,,,
988,121094.0,0.02,-0.003,0.032,,,,,,
989,121104.0,0.019,-0.003,0.032,,,,,,
990,121114.0,0.019,-0.003,0.032,,,,,,
991,121124.0,0.019,-0.003,0.032,,,,,,
992,121134.0,0.02,-0.003,0.033,,,,,,
993,121144.0,0.019,-0.003,0.033,,,,,,
994,121154.0,0.019,-0.003,0.033,,,,,,
995,121164.0,0.02,-0.003,0.032,,,,,,
996,121174.0,0.021,-0.003,0.032,,,,,,
997,121184.0,0.02,-0.003,0.032,,,,,,
998,121194.0,0.021,-0.003,0.032,,,,,,
999,121204.0,0.022,-0.003,0.032,,,,,,
1000,121214.0,0.021,-0.004,0.032,,,,,,
1001,121224.0,0.021,-0.003,0.032,,,,,,
1002,121234.0,0.022,-0.003,0.032,,,,,,
1003,121244.0,0.022,-0.003,0.032,,,,,,
1004,121254.0,0.022,-0.004,0.032,,,,,,
1005,121264.0,0.021,-0.004,0.032,,,,,,
1006,121274.0,0.021,-0.004,0.032,,,,,,
1007,121284.0,0.021,-0.004,0.033,,,,,,
1008,121294.0,0.021,-0.004,0.032,,,,,,
1009,121304.0,0.021,-0.003,0.032,,,,,,
1010,121314.0,0.021,-0.004,0.032,,,,,,
1011,121324.0,0.021,-0.003,0.032,,,,,,
1012,121334.0,0.021,-0.003,0.031,,,,,,
1013,121344.0,0.021,-0.003,0.031,,,,,,
1014,121354.0,0.022,-0.003,0.031,,,,,,
1015,121364.0,0.022,-0.004,0.031,,,,,,
1016,121374.0,0.022,-0.004,0.031,,,,,,
1017,121384.0,0.022,-0.004,0.033,,,,,,
1018,121394.0,0.022,-0.004,0.033,,,,,,
1019,121404.0,0.021,-0.003,0.033,,,,,,
1020,121414.0,0.021,-0.004,0.033,,,,,,
1021,121424.0,0.021,-0.003,0.032,,,,,,
1022,121434.0,0.021,-0.004,0.032,,,,,,
1023,121444.0,0.021,-0.004,0.032,,,,,,
1024,121454.0,0.021,-0.003,0.032,,,,,,
1025,121464.0,0.022,-0.004,0.032,,,,,,
1026,121474.0,0.021,-0.004,0.032,,,,,,
1027,121484.0,0.021,-0.004,0.032,,,,,,
1028,121494.0,0.022,-0.004,0.032,,,,,,
1029,121504.0,0.021,-0.004,0.032,,,,,,
1030,121514.0,0.021,-0.003,0.032,,,,,,
1031,121524.0,0.021,-0.004,0.032,,,,,,
1032,121534.0,0.022,-0.004,0.032,,,,,,
1033,121544.0,0.021,-0.004,0.032,,,,,,
1034,121554.0,0.021,-0.003,0.032,,,,,,
1035,121564.0,0.021,-0.004,0.032,,,,,,
1036,121574.0,0.021,-0.004,0.032,,,,,,
1037,121584.0,0.022,-0.004,0.032,,,,,,
1038,121594.0,0.021,-0.004,0.032,,,,,,
1039,121604.0,0.021,-0.004,0.032,,,,,,
1040,121614.0,0.021,-0.004,0.032,,,,,,
1041,121624.0,0.021,-0.003,0.032,,,,,,
1042,121634.0,0.022,-0.004,0.032,,,,,,
1043,121644.0,0.022,-0.004,0.032,,,,,,
1044,121654.0,0.022,-0.004,0.032,,,,,,
1045,121664.0,0.022,-0.003,0.032,,,,,,
1046,121674.0,0.021,-0.003,0.032,,,,,,
1047,121684.0,0.021,-0.003,0.033,,,,,,
1048,121694.0,0.02,-0.004,0.033,,,,,,
1049,121704.0,0.021,-0.003,0.033,,,,,,
1050,121714.0,0.021,-0.003,0.033,,,,,,
1051,121724.0,0.02,-0.003,0.033,,,,,,
1052,121734.0,0.02,-0.004,0.033,,,,,,
1053,121744.0,0.02,-0.004,0.033,,,,,,
1054,121754.0,0.022,-0.003,0.033,,,,,,
1055,121764.0,0.022,-0.003,0.033,,,,,,
1056,121774.0,0.022,-0.004,0.032,,,,,,
1057,121784.0,0.021,-0.004,0.032,,,,,,
1058,121794.0,0.022,-0.003,0.032,,,,,,
1059,121804.0,0.022,-0.003,0.032,,,,,,
1060,121814.0,0.022,-0.004,0.032,,,,,,
1061,121824.0,0.021,-0.004,0.032,,,,,,
1062,121834.0,0.022,-0.004,0.032,,,,,,
1063,121844.0,0.023,-0.004,0.033,,,,,,
1064,121854.0,0.021,-0.004,0.033,,,,,,
1065,121864.0,0.021,-0.004,0.033,,,,,,
1066,121874.0,0.02,-0.004,0.034,,,,,,
1067,121884.0,0.021,-0.003,0.034,,,,,,
1068,121894.0,0.022,-0.003,0.034,,,,,,
1069,121904.0,0.021,-0.003,0.033,,,,,,
1070,121914.0,0.021,-0.003,0.033,,,,,,
1071,121924.0,0.021,-0.003,0.033,,,,,,
1072,121934.0,0.022,-0.003,0.033,,,,,,
1073,121944.0,0.022,-0.003,0.033,,,,,,
1074,121954.0,0.021,-0.003,0.033,,,,,,
1075,121964.0,0.021,-0.003,0.034,,,,,,
1076,121974.0,0.022,-0.003,0.034,,,,,,
1077,121984.0,0.022,-0.003,0.034,,,,,,
1078,121994.0,0.022,-0.003,0.034,,,,,,
1079,122004.0,0.021,-0.004,0.034,,,,,,
1080,122014.0,0.022,-0.004,0.034,,,,,,
1081,122024.0,0.022,-0.003,0.034,,,,,,
1082,122034.0,0.022,-0.003,0.034,,,,,,
1083,122044.0,0.022,-0.003,0.033,,,,,,
1084,122054.0,0.021,-0.003,0.033,,,,,,
1085,122064.0,0.021,-0.003,0.033,,,,,,
1086,122074.0,0.021,-0.003,0.033,,,,,,
1087,122084.0,0.021,-0.003,0.033,,,,,,
1088,122094.0,0.021,-0.003,0.034,,,,,,
1089,122104.0,0.022,-0.003,0.034,,,,,,
1090,122114.0,0.022,-0.003,0.034,,,,,,
1091,122124.0,0.022,-0.003,0.033,,,,,,
1092,122134.0,0.022,-0.003,0.033,,,,,,
1093,122144.0,0.021,-0.003,0.033,,,,,,
1094,122154.0,0.021,-0.003,0.033,,,,,,
1095,122164.0,0.021,-0.003,0.033,,,,,,
1096,122174.0,0.021,-0.003,0.033,,,,,,
1097,122184.0,0.02,-0.003,0.033,,,,,,
1098,122194.0,0.02,-0.003,0.033,,,,,,
1099,122204.0,0.024,-0.004,0.033,,,,,,
1100,122214.0,0.024,-0.003,0.032,,,,,,
1101,122224.0,0.022,-0.004,0.032,,,,,,
1102,122234.0,0.023,-0.003,0.032,,,,,,
1103,122244.0,0.024,-0.004,0.032,,,,,,
1104,122254.0,0.024,-0.003,0.032,,,,,,
1105,122264.0,0.024,-0.003,0.032,,,,,,
1106,122274.0,0.024,-0.004,0.033,,,,,,
1107,122284.0,0.023,-0.004,0.033,,,,,,
1108,122294.0,0.023,-0.004,0.033,,,,,,
1109,122304.0,0.022,-0.004,0.033,,,,,,
1110,122314.0,0.022,-0.004,0.033,,,,,,
1111,122324.0,0.022,-0.004,0.033,,,,,,
1112,122334.0,0.023,-0.004,0.033,,,,,,
1113,122344.0,0.023,-0.004,0.032,,,,,,
1114,122354.0,0.023,-0.004,0.032,,,,,,
1115,122364.0,0.023,-0.004,0.032,,,,,,
1116,122374.0,0.023,-0.004,0.032,,,,,,
1117,122384.0,0.023,-0.004,0.032,,,,,,
1118,122394.0,0.024,-0.004,0.033,,,,,,
1119,122404.0,0.024,-0.004,0.033,,,,,,
1120,122414.0,0.023,-0.004,0.033,,,,,,
1121,122424.0,0.023,-0.004,0.033,,,,,,
1122,122434.0,0.024,-0.004,0.033,,,,,,
1123,122444.0,0.022,-0.003,0.033,,,,,,
1124,122454.0,0.022,-0.004,0.033,,,,,,
1125,122464.0,0.023,-0.003,0.033,,,,,,
1126,122474.0,0.023,-0.004,0.033,,,,,,
1127,122484.0,0.022,-0.004,0.033,,,,,,
1128,122494.0,0.022,-0.004,0.033,,,,,,
1129,122504.0,0.023,-0.003,0.033,,,,,,
1130,122514.0,0.024,-0.004,0.033,,,,,,
1131,122524.0,0.023,-0.003,0.033,,,,,,
1132,122534.0,0.023,-0.004,0.033,,,,,,
1133,122544.0,0.024,-0.003,0.033,,,,,,
1134,122554.0,0.024,-0.003,0.033,,,,,,
1135,122564.0,0.024,-0.003,0.033,,,,,,
1136,122574.0,0.02,-0.003,0.033,,,,,,
1137,122584.0,0.02,-0.004,0.033,,,,,,
1138,122594.0,0.021,-0.003,0.033,,,,,,
1139,122604.0,0.021,-0.004,0.033,,,,,,
1140,122614.0,0.02,-0.004,0.032,,,,,,
1141,122624.0,0.02,-0.004,0.032,,,,,,
1142,122634.0,0.021,-0.004,0.032,,,,,,
1143,122644.0,0.021,-0.003,0.032,,,,,,
1144,122654.0,0.02,-0.003,0.032,,,,,,
1145,122664.0,0.02,-0.003,0.032,,,,,,
1146,122674.0,0.022,-0.003,0.032,,,,,,
1147,122684.0,0.023,-0.004,0.032,,,,,,
1148,122694.0,0.023,-0.004,0.032,,,,,,
1149,122704.0,0.021,-0.004,0.032,,,,,,
1150,122714.0,0.022,-0.003,0.032,,,,,,
1151,122724.0,0.022,-0.003,0.032,,,,,,
1152,122734.0,0.022,-0.003,0.032,,,,,,
1153,122744.0,0.021,-0.004,0.033,,,,,,
1154,122754.0,0.022,-0.004,0.033,,,,,,
1155,122764.0,0.021,-0.003,0.033,,,,,,
1156,122774.0,0.023,-0.004,0.033,,,,,,
1157,122784.0,0.021,-0.004,0.033,,,,,,
1158,122794.0,0.021,-0.004,0.033,,,,,,
1159,122804.0,0.021,-0.004,0.033,,,,,,
1160,122814.0,0.023,-0.002,0.033,,,,,,
1161,122824.0,0.023,-0.002,0.033,,,,,,
1162,122834.0,0.024,-0.002,0.033,,,,,,
1163,122844.0,0.024,-0.002,0.033,,,,,,
1164,122854.0,0.024,-0.003,0.033,,,,,,
1165,122864.0,0.024,-0.003,0.033,,,,,,
1166,122874.0,0.024,-0.003,0.033,,,,,,
1167,122884.0,0.024,-0.003,0.033,,,,,,
1168,122894.0,0.023,-0.003,0.033,,,,,,
1169,122904.0,0.023,-0.003,0.033,,,,,,
1170,122914.0,0.023,-0.002,0.033,,,,,,
1171,122924.0,0.024,-0.002,0.034,,,,,,
1172,122934.0,0.024,-0.002,0.034,,,,,,
1173,122944.0,0.024,-0.002,0.034,,,,,,
1174,122954.0,0.024,-0.002,0.034,,,,,,
1175,122964.0,0.023,-0.002,0.032,,,,,,
1176,122974.0,0.023,-0.002,0.032,,,,,,
1177,122984.0,0.024,-0.002,0.032,,,,,,
1178,122994.0,0.024,-0.002,0.032,,,,,,
1179,123004.0,0.022,-0.002,0.032,,,,,,
1180,123014.0,0.023,-0.003,0.032,,,,,,
1181,123024.0,0.023,-0.003,0.032,,,,,,
1182,123034.0,0.022,-0.002,0.032,,,,,,
1183,123044.0,0.022,-0.002,0.032,,,,,,
1184,123054.0,0.023,-0.002,0.033,,,,,,
1185,123064.0,0.022,-0.002,0.033,,,,,,
1186,123074.0,0.022,-0.002,0.033,,,,,,
1187,123084.0,0.022,-0.002,0.033,,,,,,
1188,123094.0,0.023,-0.002,0.033,,,,,,
1189,123104.0,0.022,-0.002,0.033,,,,,,
1190,123114.0,0.023,-0.002,0.033,,,,,,
1191,123124.0,0.022,-0.002,0.033,,,,,,
1192,123134.0,0.024,-0.002,0.033,,,,,,
1193,123144.0,0.023,-0.002,0.033,,,,,,
1194,123154.0,0.023,-0.002,0.033,,,,,,
1195,123164.0,0.023,-0.002,0.033,,,,,,
1196,123174.0,0.023,-0.002,0.033,,,,,,
1197,123184.0,0.024,-0.002,0.033,,,,,,
1198,123194.0,0.023,-0.002,0.033,,,,,,
1199,123204.0,0.023,-0.002,0.033,,,,,,
1200,123214.0,0.023,-0.002,0.034,,,,,,
1201,123224.0,0.024,-0.001,0.034,,,,,,
1202,123234.0,0.024,-0.001,0.034,,,,,,
1203,123244.0,0.024,-0.001,0.034,,,,,,
1204,123254.0,0.024,-0.001,0.034,,,,,,
1205,123264.0,0.024,-0.001,0.034,,,,,,
1206,123274.0,0.023,-0.002,0.033,,,,,,
1207,123284.0,0.024,-0.002,0.033,,,,,,
1208,123294.0,0.024,-0.002,0.033,,,,,,
1209,123304.0,0.024,-0.001,0.033,,,,,,
1210,123314.0,0.023,-0.002,0.032,,,,,,
1211,123324.0,0.023,-0.002,0.032,,,,,,
1212,123334.0,0.024,-0.001,0.032,,,,,,
1213,123344.0,0.023,-0.001,0.032,,,,,,
1214,123354.0,0.023,-0.001,0.032,,,,,,
1215,123364.0,0.023,-0.001,0.032,,,,,,
1216,123374.0,0.024,-0.001,0.032,,,,,,
1217,123384.0,0.023,-0.001,0.032,,,,,,
1218,123394.0,0.024,-0.001,0.032,,,,,,
1219,123404.0,0.023,-0.001,0.031,,,,,,
1220,123414.0,0.023,-0.001,0.031,,,,,,
1221,123424.0,0.023,-0.001,0.031,,,,,,
1222,123434.0,0.023,-0.001,0.031,,,,,,
1223,123444.0,0.024,-0.001,0.03,,,,,,
1224,123454.0,0.023,-0.001,0.03,,,,,,
1225,123464.0,0.023,-0.001,0.03,,,,,,
1226,123474.0,0.024,-0.002,0.03,,,,,,
1227,123484.0,0.024,-0.002,0.03,,,,,,
1228,123494.0,0.024,-0.002,0.031,,,,,,
1229,123504.0,0.024,-0.002,0.031,,,,,,
1230,123514.0,0.024,-0.001,0.031,,,,,,
1231,123524.0,0.025,-0.002,0.032,,,,,,
1232,123534.0,0.025,-0.002,0.032,,,,,,
1233,123544.0,0.025,-0.002,0.032,,,,,,
1234,123554.0,0.025,-0.002,0.032,,,,,,
1235,123564.0,0.025,-0.001,0.032,,,,,,
1236,123574.0,0.025,-0.002,0.032,,,,,,
1237,123584.0,0.025,-0.002,0.032,,,,,,
1238,123594.0,0.025,-0.002,0.032,,,,,,
1239,123604.0,0.025,-0.002,0.032,,,,,,
1240,123614.0,0.025,-0.002,0.032,,,,,,
1241,123624.0,0.025,-0.002,0.032,,,,,,
1242,123634.0,0.024,-0.001,0.032,,,,,,
1243,123644.0,0.025,-0.001,0.032,,,,,,
1244,123654.0,0.025,-0.001,0.032,,,,,,
1245,123664.0,0.026,-0.002,0.032,,,,,,
1246,123674.0,0.025,-0.002,0.032,,,,,,
1247,123684.0,0.026,-0.002,0.032,,,,,,
1248,123694.0,0.025,-0.002,0.032,,,,,,
1249,123704.0,0.025,-0.002,0.032,,,,,,
1250,123714.0,0.025,-0.002,0.033,,,,,,
1251,123724.0,0.026,-0.002,0.033,,,,,,
1252,123734.0,0.026,-0.002,0.034,,,,,,
1253,123744.0,0.025,-0.002,0.034,,,,,,
1254,123754.0,0.025,-0.002,0.035,,,,,,
1255,123764.0,0.025,-0.002,0.036,,,,,,
1256,123774.0,0.026,-0.002,0.036,,,,,,
1257,123784.0,0.026,-0.002,0.036,,,,,,
1258,123794.0,0.025,-0.002,0.037,,,,,,
1259,123804.0,0.026,-0.002,0.037,,,,,,
1260,123814.0,0.026,-0.002,0.037,,,,,,
1261,123824.0,0.024,-0.001,0.038,,,,,,
1262,123834.0,0.023,-0.001,0.038,,,,,,
1263,123844.0,0.023,-0.001,0.037,,,,,,
1264,123854.0,0.024,-0.002,0.037,,,,,,
1265,123864.0,0.024,-0.002,0.037,,,,,,
1266,123874.0,0.025,-0.002,0.038,,,,,,
1267,123884.0,0.025,-0.002,0.035,,,,,,
1268,123894.0,0.023,-0.002,0.036,,,,,,
1269,123904.0,0.023,-0.002,0.036,,,,,,
1270,123914.0,0.025,-0.002,0.036,,,,,,
1271,123924.0,0.025,-0.002,0.036,,,,,,
1272,123934.0,0.025,-0.002,0.035,,,,,,
1273,123944.0,0.024,-0.002,0.035,,,,,,
1274,123954.0,0.024,-0.002,0.035,,,,,,
1275,123964.0,0.025,-0.002,0.035,,,,,,
1276,123974.0,0.025,-0.002,0.033,,,,,,
1277,123984.0,0.024,-0.002,0.033,,,,,,
1278,123994.0,0.024,-0.002,0.033,,,,,,
1279,124004.0,0.025,-0.002,0.033,,,,,,
1280,124014.0,0.025,-0.002,0.032,,,,,,
1281,124024.0,0.023,-0.002,0.032,,,,,,
1282,124034.0,0.024,-0.002,0.032,,,,,,
1283,124044.0,0.024,-0.002,0.032,,,,,,
1284,124054.0,0.024,-0.002,0.032,,,,,,
1285,124064.0,0.023,-0.002,0.032,,,,,,
1286,124074.0,0.023,-0.002,0.032,,,,,,
1287,124084.0,0.023,-0.002,0.032,,,,,,
1288,124094.0,0.023,-0.002,0.031,,,,,,
1289,124104.0,0.022,-0.002,0.032,,,,,,
1290,124114.0,0.022,-0.002,0.032,,,,,,
1291,124124.0,0.022,-0.002,0.032,,,,,,
1292,124134.0,0.022,-0.002,0.032,,,,,,
1293,124144.0,0.023,-0.002,0.032,,,,,,
1294,124154.0,0.023,-0.002,0.033,,,,,,
1295,124164.0,0.023,-0.002,0.033,,,,,,
1296,124174.0,0.024,-0.002,0.033,,,,,,
1297,124184.0,0.024,-0.002,0.033,,,,,,
1298,124194.0,0.024,-0.002,0.033,,,,,,
1299,124204.0,0.023,-0.002,0.033,,,,,,
1300,124214.0,0.023,-0.002,0.033,,,,,,
1301,124224.0,0.023,-0.002,0.033,,,,,,
1302,124234.0,0.023,-0.002,0.033,,,,,,
1303,124244.0,0.023,-0.002,0.033,,,,,,
1304,124254.0,0.024,-0.002,0.033,,,,,,
1305,124264.0,0.023,-0.002,0.033,,,,,,
1306,124274.0,0.023,-0.002,0.033,,,,,,
1307,124284.0,0.023,-0.002,0.033,,,,,,
1308,124294.0,0.024,-0.002,0.034,,,,,,
1309,124304.0,0.023,-0.002,0.034,,,,,,
1310,124314.0,0.023,-0.002,0.034,,,,,,
1311,124324.0,0.024,-0.002,0.033,,,,,,
1312,124334.0,0.023,-0.002,0.033,,,,,,
1313,124344.0,0.023,-0.002,0.033,,,,,,
1314,124354.0,0.024,-0.002,0.033,,,,,,
1315,124364.0,0.024,-0.002,0.033,,,,,,
1316,124374.0,0.023,-0.002,0.033,,,,,,
1317,124384.0,0.023,-0.002,0.033,,,,,,
1318,124394.0,0.023,-0.002,0.033,,,,,,
1319,124404.0,0.023,-0.002,0.033,,,,,,
1320,124414.0,0.023,-0.002,0.033,,,,,,
1321,124424.0,0.022,-0.002,0.033,,,,,,
1322,124434.0,0.023,-0.002,0.033,,,,,,
1323,124444.0,0.023,-0.002,0.033,,,,,,
1324,124454.0,0.022,-0.001,0.033,,,,,,
1325,124464.0,0.023,-0.002,0.033,,,,,,
1326,124474.0,0.023,-0.002,0.033,,,,,,
1327,124484.0,0.023,-0.002,0.033,,,,,,
1328,124494.0,0.023,-0.002,0.033,,,,,,
1329,124504.0,0.021,-0.001,0.033,,,,,,
1330,124514.0,0.021,-0.001,0.033,,,,,,
1331,124524.0,0.021,-0.001,0.034,,,,,,
1332,124534.0,0.021,-0.001,0.034,,,,,,
1333,124544.0,0.021,-0.001,0.034,,,,,,
1334,124554.0,0.022,-0.001,0.034,,,,,,
1335,124564.0,0.021,-0.001,0.034,,,,,,
1336,124574.0,0.021,-0.001,0.034,,,,,,
1337,124584.0,0.022,-0.001,0.034,,,,,,
1338,124594.0,0.022,-0.001,0.034,,,,,,
1339,124604.0,0.023,-0.001,0.034,,,,,,
1340,124614.0,0.023,-0.001,0.034,,,,,,
1341,124624.0,0.021,-0.001,0.034,,,,,,
1342,124634.0,0.022,-0.001,0.033,,,,,,
1343,124644.0,0.021,-0.001,0.033,,,,,,
1344,124654.0,0.021,-0.001,0.033,,,,,,
1345,124664.0,0.021,-0.001,0.033,,,,,,
1346,124674.0,0.023,-0.001,0.032,,,,,,
1347,124684.0,0.021,-0.001,0.032,,,,,,
1348,124694.0,0.023,-0.001,0.032,,,,,,
1349,124704.0,0.023,-0.001,0.032,,,,,,
1350,124714.0,0.02,-0.001,0.032,,,,,,
1351,124724.0,0.021,-0.001,0.032,,,,,,
1352,124734.0,0.02,-0.001,0.032,,,,,,
1353,124744.0,0.021,-0.001,0.032,,,,,,
1354,124754.0,0.021,-0.001,0.032,,,,,,
1355,124764.0,0.022,-0.001,0.032,,,,,,
1356,124774.0,0.022,-0.001,0.032,,,,,,
1357,124784.0,0.021,-0.001,0.032,,,,,,
1358,124794.0,0.021,-0.001,0.032,,,,,,
1359,124804.0,0.021,-0.001,0.032,,,,,,
1360,124814.0,0.021,-0.001,0.031,,,,,,
1361,124824.0,0.021,-0.001,0.031,,,,,,
1362,124834.0,0.021,-0.001,0.031,,,,,,
1363,124844.0,0.021,-0.001,0.031,,,,,,
1364,124854.0,0.02,-0.001,0.031,,,,,,
1365,124864.0,0.02,-0.001,0.031,,,,,,
1366,124874.0,0.022,-0.001,0.031,,,,,,
1367,124884.0,0.021,-0.001,0.031,,,,,,
1368,124894.0,0.022,-0.001,0.032,,,,,,
1369,124904.0,0.021,-0.001,0.032,,,,,,
1370,124914.0,0.021,-0.001,0.032,,,,,,
1371,124924.0,0.021,-0.001,0.032,,,,,,
1372,124934.0,0.021,-0.001,0.032,,,,,,
1373,124944.0,0.021,-0.001,0.033,,,,,,
1374,124954.0,0.021,-0.001,0.033,,,,,,
1375,124964.0,0.02,-0.001,0.033,,,,,,
1376,124974.0,0.02,-0.001,0.034,,,,,,
1377,124984.0,0.022,-0.001,0.034,,,,,,
1378,124994.0,0.021,-0.001,0.034,,,,,,
1379,125004.0,0.021,-0.001,0.034,,,,,,
1380,125014.0,0.021,-0.001,0.034,,,,,,
1381,125024.0,0.022,-0.001,0.034,,,,,,
1382,125034.0,0.021,-0.001,0.033,,,,,,
1383,125044.0,0.021,-0.001,0.033,,,,,,
1384,125054.0,0.022,-0.001,0.033,,,,,,
1385,125064.0,0.021,-0.001,0.033,,,,,,
1386,125074.0,0.021,-0.001,0.033,,,,,,
1387,125084.0,0.021,-0.001,0.033,,,,,,
1388,125094.0,0.022,-0.001,0.033,,,,,,
1389,125104.0,0.022,-0.001,0.033,,,,,,
1390,125114.0,0.021,-0.001,0.033,,,,,,
1391,125124.0,0.021,-0.001,0.033,,,,,,
1392,125134.0,0.021,-0.001,0.033,,,,,,
1393,125144.0,0.021,-0.001,0.033,,,,,,
1394,125154.0,0.021,-0.001,0.033,,,,,,
1395,125164.0,0.021,-0.001,0.033,,,,,,
1396,125174.0,0.021,-0.001,0.033,,,,,,
1397,125184.0,0.021,-0.001,0.033,,,,,,
1398,125194.0,0.022,-0.001,0.033,,,,,,
1399,125204.0,0.022,-0.001,0.032,,,,,,
1400,125214.0,0.021,-0.001,0.032,,,,,,
1401,125224.0,0.022,-0.001,0.032,,,,,,
1402,125234.0,0.022,-0.001,0.032,,,,,,
1403,125244.0,0.021,-0.001,0.032,,,,,,
1404,125254.0,0.021,-0.001,0.033,,,,,,
1405,125264.0,0.023,-0.001,0.033,,,,,,
1406,125274.0,0.022,-0.001,0.033,,,,,,
1407,125284.0,0.023,-0.001,0.033,,,,,,
1408,125294.0,0.023,-0.001,0.034,,,,,,
1409,125304.0,0.023,-0.001,0.034,,,,,,
1410,125314.0,0.022,-0.001,0.034,,,,,,
1411,125324.0,0.023,-0.001,0.034,,,,,,
1412,125334.0,0.024,-0.001,0.036,,,,,,
1413,125344.0,0.022,-0.001,0.036,,,,,,
1414,125354.0,0.024,-0.001,0.036,,,,,,
1415,125364.0,0.024,-0.001,0.036,,,,,,
1416,125374.0,0.024,-0.001,0.036,,,,,,
1417,125384.0,0.024,-0.001,0.033,,,,,,
1418,125394.0,0.021,-0.001,0.034,,,,,,
1419,125404.0,0.021,-0.001,0.034,,,,,,
1420,125414.0,0.02,-0.001,0.034,,,,,,
1421,125424.0,0.02,-0.001,0.032,,,,,,
1422,125434.0,0.02,-0.001,0.032,,,,,,
1423,125444.0,0.023,-0.001,0.032,,,,,,
1424,125454.0,0.024,-0.001,0.032,,,,,,
1425,125464.0,0.024,-0.001,0.032,,,,,,
1426,125474.0,0.022,-0.001,0.032,,,,,,
1427,125484.0,0.022,-0.001,0.032,,,,,,
1428,125494.0,0.023,-0.001,0.032,,,,,,
1429,125504.0,0.023,-0.001,0.032,,,,,,
1430,125514.0,0.023,-0.001,0.032,,,,,,
1431,125524.0,0.022,-0.001,0.032,,,,,,
1432,125534.0,0.022,-0.001,0.032,,,,,,
1433,125544.0,0.022,-0.001,0.032,,,,,,
1434,125554.0,0.022,-0.001,0.032,,,,,,
1435,125564.0,0.022,-0.001,0.032,,,,,,
1436,125574.0,0.023,-0.001,0.032,,,,,,
1437,125584.0,0.022,-0.001,0.032,,,,,,
1438,125594.0,0.022,-0.001,0.032,,,,,,
1439,125604.0,0.022,-0.001,0.032,,,,,,
1440,125614.0,0.022,-0.001,0.032,,,,,,
1441,125624.0,0.023,-0.001,0.032,,,,,,
1442,125634.0,0.023,-0.001,0.032,,,,,,
1443,125644.0,0.023,-0.001,0.03,,,,,,
1444,125654.0,0.023,-0.002,0.03,,,,,,
1445,125664.0,0.023,-0.002,0.03,,,,,,
1446,125674.0,0.024,-0.001,0.03,,,,,,
1447,125684.0,0.024,-0.001,0.03,,,,,,
1448,125694.0,0.022,-0.002,0.032,,,,,,
1449,125704.0,0.022,-0.002,0.032,,,,,,
1450,125714.0,0.023,-0.002,0.032,,,,,,
1451,125724.0,0.023,-0.002,0.032,,,,,,
1452,125734.0,0.022,-0.002,0.032,,,,,,
1453,125744.0,0.021,-0.002,0.032,,,,,,
1454,125754.0,0.021,-0.002,0.032,,,,,,
1455,125764.0,0.022,-0.002,0.032,,,,,,
1456,125774.0,0.022,-0.002,0.032,,,,,,
1457,125784.0,0.022,-0.002,0.032,,,,,,
1458,125794.0,0.022,-0.002,0.032,,,,,,
1459,125804.0,0.021,-0.002,0.032,,,,,,
1460,125814.0,0.022,-0.002,0.032,,,,,,
1461,125824.0,0.022,-0.002,0.031,,,,,,
1462,125834.0,0.02,-0.002,0.031,,,,,,
1463,125844.0,0.021,-0.002,0.031,,,,,,
1464,125854.0,0.02,-0.002,0.031,,,,,,
1465,125864.0,0.021,-0.002,0.03,,,,,,
1466,125874.0,0.02,-0.002,0.03,,,,,,
1467,125884.0,0.021,-0.002,0.03,,,,,,
1468,125894.0,0.02,-0.002,0.03,,,,,,
1469,125904.0,0.02,-0.002,0.03,,,,,,
1470,125914.0,0.019,-0.002,0.031,,,,,,
1471,125924.0,0.019,-0.002,0.031,,,,,,
1472,125934.0,0.022,-0.002,0.031,,,,,,
1473,125944.0,0.022,-0.002,0.031,,,,,,
1474,125954.0,0.022,-0.002,0.031,,,,,,
1475,125964.0,0.022,-0.002,0.031,,,,,,
1476,125974.0,0.021,-0.002,0.031,,,,,,
1477,125984.0,0.021,-0.002,0.031,,,,,,
1478,125994.0,0.022,-0.002,0.032,,,,,,
1479,126004.0,0.021,-0.002,0.032,,,,,,
1480,126014.0,0.022,-0.002,0.032,,,,,,
1481,126024.0,0.021,-0.002,0.032,,,,,,
1482,126034.0,0.022,-0.002,0.032,,,,,,
1483,126044.0,0.021,-0.002,0.032,,,,,,
1484,126054.0,0.022,-0.002,0.032,,,,,,
1485,126064.0,0.022,-0.002,0.032,,,,,,
1486,126074.0,0.022,-0.002,0.032,,,,,,
1487,126084.0,0.022,-0.002,0.033,,,,,,
1488,126094.0,0.021,-0.002,0.033,,,,,,
1489,126104.0,0.022,-0.002,0.033,,,,,,
1490,126114.0,0.022,-0.002,0.033,,,,,,
1491,126124.0,0.022,-0.002,0.033,,,,,,
1492,126134.0,0.019,-0.002,0.034,,,,,,
1493,126144.0,0.02,-0.002,0.034,,,,,,
1494,126154.0,0.02,-0.002,0.034,,,,,,
1495,126164.0,0.019,-0.001,0.034,,,,,,
1496,126174.0,0.019,-0.001,0.034,,,,,,
1497,126184.0,0.021,-0.002,0.034,,,,,,
1498,126194.0,0.02,-0.002,0.034,,,,,,
1499,126204.0,0.021,-0.002,0.035,,,,,,
1500,126214.0,0.021,-0.002,0.034,,,,,,
1501,126224.0,0.02,-0.002,0.034,,,,,,
1502,126234.0,0.021,-0.002,0.034,,,,,,
1503,126244.0,0.021,-0.002,0.034,,,,,,
1504,126254.0,0.021,-0.002,0.034,,,,,,
1505,126264.0,0.021,-0.002,0.033,,,,,,
1506,126274.0,0.021,-0.002,0.033,,,,,,
1507,126284.0,0.021,-0.002,0.033,,,,,,
1508,126294.0,0.021,-0.001,0.033,,,,,,
1509,126304.0,0.02,-0.001,0.032,,,,,,
1510,126314.0,0.02,-0.002,0.032,,,,,,
