0.000000000000000000e+00,0.000000000000000000e+00
1.666666666666666644e-02,0.000000000000000000e+00
3.333333333333333287e-02,-2.957157765180002985e-22
5.000000000000000278e-02,2.377969304586596542e-06
6.666666666666666574e-02,6.413718272127867564e-06
8.333333333333332871e-02,1.102646932491448844e-05
1.000000000000000056e-01,1.505185732260353959e-05
1.166666666666666685e-01,1.786061876381304334e-05
1.333333333333333315e-01,1.904085956070791704e-05
1.499999999999999944e-01,1.835586734801351655e-05
1.666666666666666574e-01,1.602797681626623121e-05
1.833333333333333204e-01,1.266199892987372115e-05
2.000000000000000111e-01,9.080884977355782410e-06
2.166666666666666741e-01,6.117459422985270268e-06
2.333333333333333370e-01,4.414356211203499782e-06
2.500000000000000000e-01,4.279681165088187190e-06
2.666666666666666630e-01,5.630159366371385078e-06
2.833333333333333259e-01,8.030952826637295346e-06
2.999999999999999889e-01,1.081770294919388436e-05
3.166666666666666519e-01,1.326738137557123659e-05
3.333333333333333148e-01,1.477453107289080402e-05
3.499999999999999778e-01,1.499039013623723390e-05
3.666666666666666408e-01,1.389346384501473591e-05
3.833333333333333037e-01,1.177812805422839762e-05
4.000000000000000222e-01,9.177344089017858364e-06
4.166666666666666852e-01,6.732508882306098384e-06
4.333333333333333481e-01,5.013318086275239644e-06
4.500000000000000111e-01,4.373341953118835495e-06
4.666666666666666741e-01,4.876919289848911494e-06
4.833333333333333370e-01,6.309937997462920461e-06
5.000000000000000000e-01,8.246572538349624781e-06
5.166666666666666075e-01,1.016207016749032997e-05
5.333333333333333259e-01,1.156342687048117016e-05
5.500000000000000444e-01,1.210617754515261373e-05
5.666666666666666519e-01,1.167705245729121860e-05
5.833333333333333703e-01,1.041525627281720450e-05
5.999999999999999778e-01,8.667889777873390205e-06
6.166666666666666963e-01,6.892790080056281853e-06
6.333333333333333037e-01,5.535815431246287718e-06
6.500000000000000222e-01,4.916438458295861424e-06
6.666666666666666297e-01,5.151955894896999698e-06
6.833333333333333481e-01,6.138117347010704035e-06
6.999999999999999556e-01,7.587337157355768424e-06
7.166666666666666741e-01,9.110475641783513418e-06
7.333333333333332815e-01,1.031850802262398213e-05
7.500000000000000000e-01,1.091780549017774405e-05
7.666666666666666075e-01,1.077664004514821189e-05
7.833333333333333259e-01,9.949014744650186797e-06
8.000000000000000444e-01,8.652661227969227014e-06
8.166666666666666519e-01,7.208713619410188907e-06
8.333333333333333703e-01,5.959095779824257375e-06
8.499999999999999778e-01,5.182367117100903403e-06
8.666666666666666963e-01,5.028585008221349458e-06
8.833333333333333037e-01,5.488544062907190930e-06
9.000000000000000222e-01,6.403697547461685350e-06
9.166666666666666297e-01,7.512510475515351420e-06
9.333333333333333481e-01,8.519868443016400604e-06
9.499999999999999556e-01,9.170981448920648992e-06
9.666666666666666741e-01,9.311195158081960081e-06
9.833333333333332815e-01,8.917864223334510374e-06
1.000000000000000000e+00,8.098277839893723741e-06
1.016666666666666607e+00,7.056285773469269438e-06
1.033333333333333215e+00,6.037592841390112230e-06
1.050000000000000044e+00,5.268107619482327891e-06
1.066666666666666652e+00,4.900501189012204791e-06
1.083333333333333259e+00,4.981341896470487413e-06
1.100000000000000089e+00,5.445640816878352672e-06
1.116666666666666696e+00,6.138738258747414101e-06
1.133333333333333304e+00,6.858840634009342876e-06
1.149999999999999911e+00,7.408773434033009817e-06
1.166666666666666741e+00,7.643786035143506692e-06
1.183333333333333348e+00,7.503879472853868001e-06
1.199999999999999956e+00,7.023579313791169219e-06
1.216666666666666563e+00,6.318057113315495507e-06
1.233333333333333393e+00,5.550394707660413597e-06
1.250000000000000000e+00,4.889106826396633663e-06
1.266666666666666607e+00,4.466836111737448452e-06
1.283333333333333215e+00,4.350167606462921181e-06
1.300000000000000044e+00,4.527217759758214958e-06
1.316666666666666652e+00,4.914979612744176576e-06
1.333333333333333259e+00,5.383536962592849618e-06
1.350000000000000089e+00,5.790349476755477762e-06
1.366666666666666696e+00,6.015732698975968814e-06
1.383333333333333304e+00,5.990825134356922110e-06
1.399999999999999911e+00,5.711614607984657827e-06
1.416666666666666741e+00,5.236342199572735335e-06
1.433333333333333348e+00,4.667823386775601321e-06
1.449999999999999956e+00,4.125847960444621009e-06
1.466666666666666563e+00,3.716969053816130244e-06
1.483333333333333393e+00,3.509215253067372959e-06
1.500000000000000000e+00,3.517620148584731225e-06
1.516666666666666607e+00,3.703483101249412867e-06
1.533333333333333215e+00,3.986766143243923673e-06
1.550000000000000044e+00,4.267877634135445027e-06
1.566666666666666652e+00,4.453028886168008496e-06
1.583333333333333259e+00,4.476804501938983649e-06
1.600000000000000089e+00,4.316606195721141001e-06
1.616666666666666696e+00,3.995887081949232742e-06
1.633333333333333304e+00,3.575982666615152761e-06
1.649999999999999911e+00,3.139134729654455587e-06
1.666666666666666741e+00,2.767318647527667799e-06
1.683333333333333348e+00,2.522266911213696153e-06
1.699999999999999956e+00,2.431501054687005706e-06
1.716666666666666563e+00,2.483455538363934368e-06
1.733333333333333393e+00,2.632388899119335142e-06
1.750000000000000000e+00,2.811353238322257792e-06
1.766666666666666607e+00,2.949627042898919796e-06
1.783333333333333215e+00,2.990130049368680005e-06
1.800000000000000044e+00,2.902589285883116498e-06
1.816666666666666652e+00,2.689486514895956973e-06
1.833333333333333259e+00,2.383728230782121275e-06
1.849999999999999867e+00,2.039043912486944342e-06
1.866666666666666696e+00,1.715830490107559853e-06
1.883333333333333304e+00,1.466124322542308355e-06
1.899999999999999911e+00,1.321400754856187622e-06
1.916666666666666741e+00,1.286018641264934136e-06
1.933333333333333348e+00,1.337604315205577857e-06
1.949999999999999956e+00,1.433911558898892480e-06
1.966666666666666563e+00,1.524143412582517982e-06
1.983333333333333393e+00,1.561745230893540112e-06
2.000000000000000000e+00,1.515482984502482431e-06
2.016666666666666607e+00,1.376210159989901737e-06
2.033333333333333215e+00,1.157913532213419610e-06
2.049999999999999822e+00,8.930915541977927126e-07
2.066666666666666430e+00,6.238898194554445223e-07
2.083333333333333481e+00,3.913698545036873907e-07
2.100000000000000089e+00,2.256129954471732883e-07
2.116666666666666696e+00,1.390148478405587091e-07
2.133333333333333304e+00,1.242269096694045320e-07
2.149999999999999911e+00,1.569970698775402137e-07
2.166666666666666519e+00,2.029583689447080964e-07
2.183333333333333126e+00,2.265077438271266670e-07
2.200000000000000178e+00,1.995086547233956033e-07
2.216666666666666785e+00,1.077160278234672352e-07
2.233333333333333393e+00,-4.651211779620218321e-08
2.250000000000000000e+00,-2.456738196448275334e-07
2.266666666666666607e+00,-4.621746859640796820e-07
2.283333333333333215e+00,-6.655540582787441737e-07
2.299999999999999822e+00,-8.300177973040559954e-07
2.316666666666666430e+00,-9.404360408212160223e-07
2.333333333333333481e+00,-9.954350866075949845e-07
2.350000000000000089e+00,-1.006989989120540047e-06
2.366666666666666696e+00,-9.968040328360261185e-07
2.383333333333333304e+00,-9.905245746850282351e-07
2.399999999999999911e+00,-1.011313040882308730e-06
2.416666666666666519e+00,-1.074362203435913903e-06
2.433333333333333126e+00,-1.183638844462764875e-06
2.450000000000000178e+00,-1.331521822279219375e-06
2.466666666666666785e+00,-1.501267683952726468e-06
2.483333333333333393e+00,-1.671554346086883556e-06
2.500000000000000000e+00,-1.821890229906413875e-06
2.516666666666666607e+00,-1.937531947493658883e-06
2.533333333333333215e+00,-2.012745786194395842e-06
2.549999999999999822e+00,-2.051712023312276351e-06
2.566666666666666430e+00,-2.066979569685760172e-06
2.583333333333333481e+00,-2.075976562279464552e-06
2.600000000000000089e+00,-2.096526143845417899e-06
2.616666666666666696e+00,-2.142506704633296035e-06
2.633333333333333304e+00,-2.220699861849771827e-06
2.649999999999999911e+00,-2.329525925211759312e-06
2.666666666666666519e+00,-2.459871965187366862e-06
2.683333333333333126e+00,-2.597699785195659199e-06
2.700000000000000178e+00,-2.727706816539315515e-06
2.716666666666666785e+00,-2.837097023619260932e-06
2.733333333333333393e+00,-2.918542949842515228e-06
2.750000000000000000e+00,-2.971665268369980253e-06
2.766666666666666607e+00,-3.002751290069052229e-06
2.783333333333333215e+00,-3.022875091989856103e-06
2.799999999999999822e+00,-3.044960009608736483e-06
2.816666666666666430e+00,-3.080551124672937965e-06
2.833333333333333481e+00,-3.137094336531180920e-06
2.850000000000000089e+00,-3.216353264304308981e-06
2.866666666666666696e+00,-3.314286018585947821e-06
2.883333333333333304e+00,-3.422333333798430555e-06
2.899999999999999911e+00,-3.529730624524054179e-06
2.916666666666666519e+00,-3.626229556484422130e-06
2.933333333333333126e+00,-3.704548636053300916e-06
2.950000000000000178e+00,-3.761974472530165418e-06
2.966666666666666785e+00,-3.800771975920733473e-06
2.983333333333333393e+00,-3.827368310434273379e-06
3.000000000000000000e+00,-3.850573975546028952e-06
3.016666666666666607e+00,-3.879323132736129141e-06
3.033333333333333215e+00,-3.920505629609844212e-06
3.049999999999999822e+00,-3.977410174239086148e-06
3.066666666666666430e+00,-4.049122328036728630e-06
3.083333333333333481e+00,-4.130971542954068504e-06
3.100000000000000089e+00,-4.215862660123416321e-06
3.116666666666666696e+00,-4.296122211222283083e-06
3.133333333333333304e+00,-4.365385234276502224e-06
3.149999999999999911e+00,-4.420064040732535519e-06
3.166666666666666519e+00,-4.460066173949751662e-06
3.183333333333333126e+00,-4.488628324724261809e-06
3.200000000000000178e+00,-4.511353980282413542e-06
3.216666666666666785e+00,-4.534730458257769195e-06
3.233333333333333393e+00,-4.564512056538908396e-06
3.250000000000000000e+00,-4.604367606330059868e-06
3.266666666666666607e+00,-4.655105319507549804e-06
3.283333333333333215e+00,-4.714631350853656896e-06
3.299999999999999822e+00,-4.778612619888724343e-06
3.316666666666666430e+00,-4.841645688370293240e-06
3.333333333333333481e+00,-4.898621753595800877e-06
3.350000000000000089e+00,-4.945947047844091661e-06
3.366666666666666696e+00,-4.982331218288358058e-06
3.383333333333333304e+00,-5.008976195579912602e-06
3.399999999999999911e+00,-5.029152056502418227e-06
3.416666666666666519e+00,-5.047295373621427405e-06
3.433333333333333126e+00,-5.067873761077927251e-06
3.449999999999999734e+00,-5.094303791684048949e-06
3.466666666666666785e+00,-5.128181144834862440e-06
3.483333333333333393e+00,-5.168992451644114150e-06
3.500000000000000000e+00,-5.214352729372725356e-06
3.516666666666666607e+00,-5.260682846728440832e-06
3.533333333333333215e+00,-5.304139640519135031e-06
3.549999999999999822e+00,-5.341560246046493453e-06
3.566666666666666430e+00,-5.371191528814444307e-06
3.583333333333333481e+00,-5.393039721437098922e-06
3.600000000000000089e+00,-5.408776011312325723e-06
3.616666666666666696e+00,-5.421244611557179982e-06
3.633333333333333304e+00,-5.433713456945979802e-06
3.649999999999999911e+00,-5.449062392141623068e-06
3.666666666666666519e+00,-5.469108417483773772e-06
3.683333333333333126e+00,-5.494223772322518063e-06
3.699999999999999734e+00,-5.523323545793153483e-06
3.716666666666666785e+00,-5.554206112591029363e-06
3.733333333333333393e+00,-5.584145328903535688e-06
3.750000000000000000e+00,-5.610577990274362553e-06
3.766666666666666607e+00,-5.631715392190453393e-06
3.783333333333333215e+00,-5.646935304574214903e-06
3.799999999999999822e+00,-5.656871382194905405e-06
3.816666666666666430e+00,-5.663194540602967538e-06
3.833333333333333481e+00,-5.668155512192367727e-06
3.850000000000000089e+00,-5.674011772876745321e-06
3.866666666666666696e+00,-5.682483370702334138e-06
3.883333333333333304e+00,-5.694367487939422608e-06
3.899999999999999911e+00,-5.709396308291986312e-06
3.916666666666666519e+00,-5.726359506109013346e-06
3.933333333333333126e+00,-5.743447660915505844e-06
3.949999999999999734e+00,-5.758721916697781409e-06
3.966666666666666785e+00,-5.770589805418490643e-06
3.983333333333333393e+00,-5.778172096434531718e-06
4.000000000000000000e+00,-5.781477996582453579e-06
4.016666666666666607e+00,-5.781356698304248810e-06
4.033333333333333215e+00,-5.779248949110816557e-06
4.049999999999999822e+00,-5.776809290972121009e-06
4.066666666666666430e+00,-5.775497025244807473e-06
4.083333333333333037e+00,-5.776236236043634490e-06
4.099999999999999645e+00,-5.779223154494131497e-06
4.116666666666666252e+00,-5.783919397075421259e-06
4.133333333333332860e+00,-5.789222705941002014e-06
4.150000000000000355e+00,-5.793764458974923850e-06
4.166666666666666963e+00,-5.796255376441617361e-06
4.183333333333333570e+00,-5.795793462669529416e-06
4.200000000000000178e+00,-5.792061964576532634e-06
4.216666666666666785e+00,-5.785375549036512885e-06
4.233333333333333393e+00,-5.776571760792813457e-06
4.250000000000000000e+00,-5.766782293431430759e-06
4.266666666666666607e+00,-5.757145724931339578e-06
4.283333333333333215e+00,-5.748534154480395701e-06
4.299999999999999822e+00,-5.741358909222091735e-06
4.316666666666666430e+00,-5.735497896673237422e-06
4.333333333333333037e+00,-5.730355538129295009e-06
4.349999999999999645e+00,-5.725033651189653664e-06
4.366666666666666252e+00,-5.718566060964410427e-06
4.383333333333332860e+00,-5.710156904207092282e-06
4.400000000000000355e+00,-5.699364948835666107e-06
4.416666666666666963e+00,-5.686192393500175195e-06
4.433333333333333570e+00,-5.671061899022225900e-06
4.450000000000000178e+00,-5.654693441827204404e-06
4.466666666666666785e+00,-5.637916116589366652e-06
4.483333333333333393e+00,-5.621463806841870793e-06
4.500000000000000000e+00,-5.605804888684741137e-06
4.516666666666666607e+00,-5.591045211470453235e-06
4.533333333333333215e+00,-5.576923802177910450e-06
4.549999999999999822e+00,-5.562897321547713156e-06
4.566666666666666430e+00,-5.548288104388893087e-06
4.583333333333333037e+00,-5.532456635866097435e-06
4.599999999999999645e+00,-5.514955532765342314e-06
4.616666666666666252e+00,-5.495628875559900828e-06
4.633333333333332860e+00,-5.474635869058646499e-06
4.650000000000000355e+00,-5.452397196047704134e-06
4.666666666666666963e+00,-5.429481164518164919e-06
4.683333333333333570e+00,-5.406460351226304006e-06
4.700000000000000178e+00,-5.383774909150291974e-06
4.716666666666666785e+00,-5.361635154500714934e-06
4.733333333333333393e+00,-5.339984822728676939e-06
4.750000000000000000e+00,-5.318530602605335305e-06
4.766666666666666607e+00,-5.296827272968214226e-06
4.783333333333333215e+00,-5.274394931565275262e-06
4.799999999999999822e+00,-5.250838328419558179e-06
4.816666666666666430e+00,-5.225939416733519582e-06
4.833333333333333037e+00,-5.199702239813976351e-06
4.849999999999999645e+00,-5.172341881769941302e-06
4.866666666666666252e+00,-5.144223136093010871e-06
4.883333333333332860e+00,-5.115766362289615766e-06
4.900000000000000355e+00,-5.087344972435137404e-06
4.916666666666666963e+00,-5.059199697234092642e-06
4.933333333333333570e+00,-5.031389391127230243e-06
4.950000000000000178e+00,-5.003788274717176742e-06
4.966666666666666785e+00,-4.976127796178872311e-06
4.983333333333333393e+00,-4.948070643613680902e-06
5.000000000000000000e+00,-4.919297365179787965e-06
5.016666666666666607e+00,-4.889584065143823503e-06
5.033333333333333215e+00,-4.858852947081957073e-06
5.049999999999999822e+00,-4.827184990362869867e-06
5.066666666666666430e+00,-4.794793736744209463e-06
5.083333333333333037e+00,-4.761968580087287011e-06
5.099999999999999645e+00,-4.729002841741587076e-06
5.116666666666666252e+00,-4.696124754666667902e-06
5.133333333333332860e+00,-4.663447805160682770e-06
5.150000000000000355e+00,-4.630951338532529279e-06
5.166666666666666963e+00,-4.598494466596907651e-06
5.183333333333333570e+00,-4.565858139553168064e-06
5.200000000000000178e+00,-4.532803746393837148e-06
5.216666666666666785e+00,-4.499133259496709746e-06
5.233333333333333393e+00,-4.464736376034663584e-06
5.250000000000000000e+00,-4.429614021597333404e-06
5.266666666666666607e+00,-4.393873840755159892e-06
5.283333333333333215e+00,-4.357700272669032300e-06
5.299999999999999822e+00,-4.321307781231503195e-06
5.316666666666666430e+00,-4.284889396450068749e-06
5.333333333333333037e+00,-4.248573193189509144e-06
5.349999999999999645e+00,-4.212396740900850172e-06
5.366666666666666252e+00,-4.176304693007049132e-06
5.383333333333332860e+00,-4.140168840382565206e-06
5.400000000000000355e+00,-4.103824588504888636e-06
5.416666666666666963e+00,-4.067114196513357687e-06
5.433333333333333570e+00,-4.029926014830981542e-06
5.450000000000000178e+00,-3.992220504397391779e-06
5.466666666666666785e+00,-3.954037499241117605e-06
5.483333333333333393e+00,-3.915483984793224715e-06
5.500000000000000000e+00,-3.876706388813352763e-06
5.516666666666666607e+00,-3.837854888681063586e-06
5.533333333333333215e+00,-3.799048751048729267e-06
5.549999999999999822e+00,-3.760350982147114258e-06
5.566666666666666430e+00,-3.721757878893748906e-06
5.583333333333333037e+00,-3.683205184636829768e-06
5.599999999999999645e+00,-3.644588468311183283e-06
5.616666666666666252e+00,-3.605792054947025646e-06
5.633333333333332860e+00,-3.566719086904004037e-06
5.650000000000000355e+00,-3.527315425638443497e-06
5.666666666666666963e+00,-3.487581979854217300e-06
5.683333333333333570e+00,-3.447573121849702417e-06
5.700000000000000178e+00,-3.407382325262640696e-06
5.716666666666666785e+00,-3.367119168244735761e-06
5.733333333333333393e+00,-3.326883697710631751e-06
5.750000000000000000e+00,-3.286744460504584449e-06
5.766666666666666607e+00,-3.246725285038864312e-06
5.783333333333333215e+00,-3.206803518992730448e-06
5.799999999999999822e+00,-3.166919529122972373e-06
5.816666666666666430e+00,-3.126994573023743594e-06
5.833333333333333037e+00,-3.086952296743753381e-06
5.849999999999999645e+00,-3.046738496868047279e-06
5.866666666666666252e+00,-3.006334491751020691e-06
5.883333333333332860e+00,-2.965761232883656135e-06
5.900000000000000355e+00,-2.925073666423837642e-06
5.916666666666666963e+00,-2.884347223147324813e-06
5.933333333333333570e+00,-2.843660104440075644e-06
5.950000000000000178e+00,-2.803075843913608929e-06
5.966666666666666785e+00,-2.762630316807739397e-06
5.983333333333333393e+00,-2.722326076833121178e-06
6.000000000000000000e+00,-2.682134986084307920e-06
6.016666666666666607e+00,-2.642008061154749305e-06
6.033333333333333215e+00,-2.601889784830978944e-06
6.049999999999999822e+00,-2.561733209391881961e-06
6.066666666666666430e+00,-2.521512185611733511e-06
6.083333333333333037e+00,-2.481227938726315058e-06
6.099999999999999645e+00,-2.440908718388282304e-06
6.116666666666666252e+00,-2.400602979412034779e-06
6.133333333333332860e+00,-2.360368076774790898e-06
6.150000000000000355e+00,-2.320257426839370243e-06
6.166666666666666963e+00,-2.280309294999175360e-06
6.183333333333333570e+00,-2.240539809289098135e-06
6.200000000000000178e+00,-2.200941645992984505e-06
6.216666666666666785e+00,-2.161488395685351631e-06
6.233333333333333393e+00,-2.122143256397060857e-06
6.250000000000000000e+00,-2.082869737053640705e-06
6.266666666666666607e+00,-2.043641698252634425e-06
6.283333333333333215e+00,-2.004450361122222478e-06
6.299999999999999822e+00,-1.965306769879705913e-06
6.316666666666666430e+00,-1.926239364935839208e-06
6.333333333333333037e+00,-1.887287513193892233e-06
6.349999999999999645e+00,-1.848492764452177923e-06
6.366666666666666252e+00,-1.809890051297511894e-06
6.383333333333332860e+00,-1.771500942867937644e-06
6.400000000000000355e+00,-1.733330456216902199e-06
6.416666666666666963e+00,-1.695367995356540466e-06
6.433333333333333570e+00,-1.657591968678435169e-06
6.450000000000000178e+00,-1.619976779189441347e-06
6.466666666666666785e+00,-1.582500384995604438e-06
6.483333333333333393e+00,-1.545150589113767385e-06
6.500000000000000000e+00,-1.507928622128728740e-06
6.516666666666666607e+00,-1.470849307532606899e-06
6.533333333333333215e+00,-1.433937956317569366e-06
6.549999999999999822e+00,-1.397224912335793815e-06
6.566666666666666430e+00,-1.360739182126775413e-06
6.583333333333333037e+00,-1.324502724023841559e-06
6.599999999999999645e+00,-1.288526727935846996e-06
6.616666666666666252e+00,-1.252810668421033656e-06
6.633333333333332860e+00,-1.217344207476770211e-06
6.649999999999999467e+00,-1.182111337537579857e-06
6.666666666666666963e+00,-1.147095652323154397e-06
6.683333333333333570e+00,-1.112285423862354592e-06
6.700000000000000178e+00,-1.077677282238392592e-06
6.716666666666666785e+00,-1.043277694221784574e-06
6.733333333333333393e+00,-1.009102007109272310e-06
6.750000000000000000e+00,-9.751714190941781809e-07
6.766666666666666607e+00,-9.415087137914659529e-07
6.783333333333333215e+00,-9.081338466773721368e-07
6.799999999999999822e+00,-8.750604477734866470e-07
6.816666666666666430e+00,-8.422940283608619831e-07
6.833333333333333037e+00,-8.098322297866718760e-07
6.849999999999999645e+00,-7.776669463896209024e-07
6.866666666666666252e+00,-7.457877162113596380e-07
6.883333333333332860e+00,-7.141855034908778381e-07
6.899999999999999467e+00,-6.828559511586230572e-07
6.916666666666666963e+00,-6.518013584724123002e-07
6.933333333333333570e+00,-6.210309840758857006e-07
6.950000000000000178e+00,-5.905596966382608436e-07
6.966666666666666785e+00,-5.604053889406409131e-07
6.983333333333333393e+00,-5.305858444125040400e-07
7.000000000000000000e+00,-5.011158391939710978e-07
7.016666666666666607e+00,-4.720051650210887249e-07
7.033333333333333215e+00,-4.432580026296610708e-07
7.049999999999999822e+00,-4.148737315077843306e-07
7.066666666666666430e+00,-3.868489165760471343e-07
7.083333333333333037e+00,-3.591799482976773290e-07
7.099999999999999645e+00,-3.318656883904125683e-07
7.116666666666666252e+00,-3.049095109053749533e-07
7.133333333333332860e+00,-2.783203103203887627e-07
7.149999999999999467e+00,-2.521123235551362963e-07
7.166666666666666963e+00,-2.263039111786953190e-07
7.183333333333333570e+00,-2.009156928602167686e-07
7.200000000000000178e+00,-1.759685774475864035e-07
7.216666666666666785e+00,-1.514822415454979334e-07
7.233333333333333393e+00,-1.274744983309939270e-07
7.250000000000000000e+00,-1.039617977303043621e-07
7.266666666666666607e+00,-8.096086830592855783e-08
7.283333333333333215e+00,-5.849131655622811905e-08
7.299999999999999822e+00,-3.657890213459794390e-08
7.316666666666666430e+00,-1.525925761874426398e-08
7.333333333333333037e+00,5.417937127538507617e-09
7.349999999999999645e+00,2.538381055594022140e-08
7.366666666666666252e+00,4.454268515338158576e-08
7.383333333333332860e+00,6.275823144139135968e-08
7.399999999999999467e+00,7.982198699836337767e-08
7.416666666666666963e+00,9.530421902137395456e-08
7.433333333333333570e+00,1.089540765863178292e-07
7.450000000000000178e+00,1.177549821007362376e-07
7.466666666666666785e+00,1.239727524100130163e-07
7.483333333333333393e+00,1.299631427439406957e-07
7.500000000000000000e+00,1.379157511968855549e-07
7.516666666666666607e+00,1.496933059527113292e-07
7.533333333333333215e+00,1.667072379911323872e-07
7.549999999999999822e+00,1.898227001278591888e-07
7.566666666666666430e+00,2.192918957886036803e-07
7.583333333333333037e+00,2.547221712973611147e-07
7.599999999999999645e+00,2.950457250780944149e-07
7.616666666666666252e+00,3.387031994932557595e-07
7.633333333333332860e+00,3.834695078231471909e-07
7.649999999999999467e+00,4.267880265090811064e-07
7.666666666666666963e+00,4.664682917565615321e-07
7.683333333333333570e+00,5.008494748236465125e-07
7.700000000000000178e+00,5.288223021899742757e-07
7.716666666666666785e+00,5.499703927921576927e-07
7.733333333333333393e+00,5.646399866513111165e-07
7.750000000000000000e+00,5.739260187789114468e-07
7.766666666666666607e+00,5.795713959933771844e-07
7.783333333333333215e+00,5.837821608642060148e-07
7.799999999999999822e+00,5.889683030442893386e-07
7.816666666666666430e+00,5.974305793451550794e-07
7.833333333333333037e+00,6.110281550475537171e-07
7.849999999999999645e+00,6.308768715972593692e-07
7.866666666666666252e+00,6.571359275754764231e-07
7.883333333333332860e+00,6.889357692924720377e-07
7.899999999999999467e+00,7.244785665789817204e-07
7.916666666666666963e+00,7.613078299004001972e-07
7.933333333333333570e+00,7.967048855230507520e-07
7.950000000000000178e+00,8.281394591791892366e-07
7.966666666666666785e+00,8.536893567221869709e-07
7.983333333333333393e+00,8.723526691168883696e-07
8.000000000000000000e+00,8.842012676394837032e-07
8.016666666666665719e+00,8.903561581504189426e-07
8.033333333333333215e+00,8.927947727126867870e-07
8.050000000000000711e+00,8.940232275101540879e-07
8.066666666666666430e+00,8.966632806526565910e-07
8.083333333333333925e+00,9.030158376489425750e-07
8.099999999999999645e+00,9.146703055637538609e-07
8.116666666666667140e+00,9.322287624959605409e-07
8.133333333333332860e+00,9.552003993596292734e-07
8.150000000000000355e+00,9.820937954870131639e-07
8.166666666666666075e+00,1.010695702338163495e-06
8.183333333333333570e+00,1.038484544689967348e-06
8.199999999999999289e+00,1.063096871004346777e-06
8.216666666666666785e+00,1.082754851679058954e-06
8.233333333333332504e+00,1.096574276855758318e-06
8.250000000000000000e+00,1.104700748007852789e-06
8.266666666666665719e+00,1.108256832855471879e-06
8.283333333333333215e+00,1.109116252139121116e-06
8.300000000000000711e+00,1.109548211158760022e-06
8.316666666666666430e+00,1.111794607844038382e-06
8.333333333333333925e+00,1.117654332198080399e-06
8.349999999999999645e+00,1.128150661157412725e-06
8.366666666666667140e+00,1.143346526497994309e-06
8.383333333333332860e+00,1.162346791736826637e-06
8.400000000000000355e+00,1.183489725820361865e-06
8.416666666666666075e+00,1.204689367142231817e-06
8.433333333333333570e+00,1.223857265383194033e-06
8.449999999999999289e+00,1.239315760007823972e-06
8.466666666666666785e+00,1.250119174309385979e-06
8.483333333333332504e+00,1.256221630714544545e-06
8.500000000000000000e+00,1.258463273344206418e-06
8.516666666666665719e+00,1.258382299125304705e-06
8.533333333333333215e+00,1.257892381532411933e-06
8.550000000000000711e+00,1.258889783296063875e-06
8.566666666666666430e+00,1.262868281664091026e-06
8.583333333333333925e+00,1.270620189341435198e-06
8.599999999999999645e+00,1.282086006567452602e-06
8.616666666666667140e+00,1.296384891565361378e-06
8.633333333333332860e+00,1.312018919027515456e-06
8.650000000000000355e+00,1.327205230099219844e-06
8.666666666666666075e+00,1.340261873061014513e-06
8.683333333333333570e+00,1.349962757625064888e-06
8.699999999999999289e+00,1.355786249562308319e-06
8.716666666666666785e+00,1.358007294049664030e-06
8.733333333333332504e+00,1.357617456865612125e-06
8.750000000000000000e+00,1.356093498737710797e-06
8.766666666666665719e+00,1.355066399382146468e-06
8.783333333333333215e+00,1.355963418682576509e-06
8.800000000000000711e+00,1.359701514549502532e-06
8.816666666666666430e+00,1.366499337984550855e-06
8.833333333333333925e+00,1.375848308381720405e-06
8.849999999999999645e+00,1.386646793997045453e-06
8.866666666666667140e+00,1.397463823566125183e-06
8.883333333333332860e+00,1.406869486898222840e-06
8.900000000000000355e+00,1.413755495013225299e-06
8.916666666666666075e+00,1.417573805151829113e-06
8.933333333333333570e+00,1.418441998684739035e-06
8.949999999999999289e+00,1.417095511736148154e-06
8.966666666666666785e+00,1.414701612534824762e-06
8.983333333333332504e+00,1.412580767887294372e-06
9.000000000000000000e+00,1.411901149585718435e-06
9.016666666666665719e+00,1.413417021860492413e-06
9.033333333333333215e+00,1.417310359234038547e-06
9.050000000000000711e+00,1.423169682943264270e-06
9.066666666666666430e+00,1.430107062063843278e-06
9.083333333333333925e+00,1.436981648814560129e-06
9.099999999999999645e+00,1.442674010315063568e-06
9.116666666666667140e+00,1.446345499572317513e-06
9.133333333333332860e+00,1.447622651354575426e-06
9.150000000000000355e+00,1.446666223542000534e-06
9.166666666666666075e+00,1.444112803554019934e-06
9.183333333333333570e+00,1.440907126753486477e-06
9.199999999999999289e+00,1.438068401108629311e-06
9.216666666666666785e+00,1.436448154324573393e-06
9.233333333333332504e+00,1.436537288975605859e-06
9.250000000000000000e+00,1.438366303730672131e-06
9.266666666666665719e+00,1.441518738320397711e-06
9.283333333333333215e+00,1.445250039778735076e-06
9.300000000000000711e+00,1.448679157999831853e-06
9.316666666666666430e+00,1.451004182903958524e-06
9.333333333333333925e+00,1.451689616417895385e-06
9.349999999999999645e+00,1.450581803939068039e-06
9.366666666666667140e+00,1.447928013459267843e-06
9.383333333333332860e+00,1.444298748622968586e-06
9.400000000000000355e+00,1.440436195028254598e-06
9.416666666666666075e+00,1.437068595630645122e-06
9.433333333333333570e+00,1.434736865210894903e-06
9.449999999999999289e+00,1.433674720984224884e-06
9.466666666666666785e+00,1.433768671233024802e-06
9.483333333333332504e+00,1.434603585358031909e-06
9.500000000000000000e+00,1.435578599984931441e-06
9.516666666666665719e+00,1.436061892687709799e-06
9.533333333333333215e+00,1.435545034390257671e-06
9.550000000000000711e+00,1.433759609803579369e-06
9.566666666666666430e+00,1.430729719616432079e-06
9.583333333333333925e+00,1.426750810692123023e-06
9.599999999999999645e+00,1.422303709497906009e-06
9.616666666666667140e+00,1.417928162513363477e-06
9.633333333333332860e+00,1.414088888323747925e-06
9.650000000000000355e+00,1.411067257101454269e-06
9.666666666666666075e+00,1.408903643445897787e-06
9.683333333333333570e+00,1.407401705379153554e-06
9.699999999999999289e+00,1.406190096229648471e-06
9.716666666666666785e+00,1.404823373994073270e-06
9.733333333333332504e+00,1.402895338762951347e-06
9.750000000000000000e+00,1.400136437840769015e-06
9.766666666666665719e+00,1.396472265260004143e-06
9.783333333333333215e+00,1.392030917619655207e-06
9.800000000000000711e+00,1.387100187362445362e-06
9.816666666666666430e+00,1.382047905575662320e-06
9.833333333333333925e+00,1.377227146377491802e-06
9.849999999999999645e+00,1.372890546208854637e-06
9.866666666666667140e+00,1.369134357979953759e-06
9.883333333333332860e+00,1.365884312832473269e-06
9.900000000000000355e+00,1.362924344706906499e-06
9.916666666666666075e+00,1.359958625105593719e-06
9.933333333333333570e+00,1.356689720088339446e-06
9.949999999999999289e+00,1.352892688923940730e-06
9.966666666666666785e+00,1.348467044086315385e-06
9.983333333333332504e+00,1.343454926845557315e-06
1.000000000000000000e+01,1.338022833386280131e-06
1.001666666666666572e+01,1.332413421246864179e-06
1.003333333333333321e+01,1.326881031341139411e-06
1.005000000000000071e+01,1.321627888258098269e-06
1.006666666666666643e+01,1.316756841702289491e-06
1.008333333333333393e+01,1.312251508253580468e-06
1.009999999999999964e+01,1.307987243849120466e-06
1.011666666666666714e+01,1.303768527832233996e-06
1.013333333333333286e+01,1.299382034762181685e-06
1.015000000000000036e+01,1.294651362923895926e-06
1.016666666666666607e+01,1.289479711205853451e-06
1.018333333333333357e+01,1.283870478964661003e-06
1.019999999999999929e+01,1.277921744606693884e-06
1.021666666666666679e+01,1.271797280187577484e-06
1.023333333333333250e+01,1.265682489164397148e-06
1.025000000000000000e+01,1.259737023005930425e-06
1.026666666666666572e+01,1.254056098607817900e-06
1.028333333333333321e+01,1.248649780658684316e-06
1.030000000000000071e+01,1.243444557554367377e-06
1.031666666666666643e+01,1.238305771848196282e-06
1.033333333333333393e+01,1.233074349899280814e-06
1.034999999999999964e+01,1.227608037910940887e-06
1.036666666666666714e+01,1.221816687255622649e-06
1.038333333333333286e+01,1.215683070995000137e-06
1.040000000000000036e+01,1.209264662315965247e-06
1.041666666666666607e+01,1.202676710678418278e-06
1.043333333333333357e+01,1.196061571408418865e-06
1.044999999999999929e+01,1.189552452435303898e-06
1.046666666666666679e+01,1.183240798505622695e-06
1.048333333333333250e+01,1.177155260387629010e-06
1.050000000000000000e+01,1.171257006255831703e-06
1.051666666666666572e+01,1.165451899959036329e-06
1.053333333333333321e+01,1.159615892137359658e-06
1.055000000000000071e+01,1.153626870521215916e-06
1.056666666666666643e+01,1.147394906261417623e-06
1.058333333333333393e+01,1.140883547450345910e-06
1.059999999999999964e+01,1.134117282476828391e-06
1.061666666666666714e+01,1.127173852606782214e-06
1.063333333333333286e+01,1.120163830511191970e-06
1.065000000000000036e+01,1.113202889607471264e-06
1.066666666666666607e+01,1.106383766897282635e-06
1.068333333333333357e+01,1.099754738979065233e-06
1.069999999999999929e+01,1.093309596651416463e-06
1.071666666666666679e+01,1.086991127747186430e-06
1.073333333333333250e+01,1.080706771152864440e-06
1.075000000000000000e+01,1.074352217175363802e-06
1.076666666666666572e+01,1.067836981667390142e-06
1.078333333333333321e+01,1.061105745308898808e-06
1.080000000000000071e+01,1.054150513890350802e-06
1.081666666666666643e+01,1.047011049308020828e-06
1.083333333333333393e+01,1.039763922866479527e-06
1.084999999999999964e+01,1.032503239370903086e-06
1.086666666666666714e+01,1.025317940232669380e-06
1.088333333333333286e+01,1.018271209215289428e-06
1.090000000000000036e+01,1.011386780003354117e-06
1.091666666666666607e+01,1.004645107358235987e-06
1.093333333333333357e+01,9.979898974847536753e-07
1.094999999999999929e+01,9.913430137273471977e-07
1.096666666666666679e+01,9.846238744341376935e-07
1.098333333333333250e+01,9.777685688166095289e-07
1.100000000000000000e+01,9.707442002554783830e-07
1.101666666666666572e+01,9.635553015324744853e-07
1.103333333333333321e+01,9.562411848514927331e-07
1.105000000000000071e+01,9.488652793049431633e-07
1.106666666666666643e+01,9.414993437240744210e-07
1.108333333333333393e+01,9.342065080664497190e-07
1.109999999999999964e+01,9.270271786604702255e-07
1.111666666666666714e+01,9.199709702599138829e-07
1.113333333333333286e+01,9.130162529423280337e-07
1.115000000000000036e+01,9.061170298821491724e-07
1.116666666666666607e+01,8.992151497557162377e-07
1.118333333333333357e+01,8.922547025719520318e-07
1.119999999999999929e+01,8.851950964826560069e-07
1.121666666666666679e+01,8.780198089465086703e-07
1.123333333333333250e+01,8.707389875314067179e-07
1.125000000000000000e+01,8.633856273470493266e-07
1.126666666666666572e+01,8.560065854415913098e-07
1.128333333333333321e+01,8.486508444152469010e-07
1.130000000000000071e+01,8.413579552084881118e-07
1.131666666666666643e+01,8.341493842165118689e-07
1.133333333333333393e+01,8.270246503138204493e-07
1.134999999999999964e+01,8.199628964893423305e-07
1.136666666666666714e+01,8.129292143846734171e-07
1.138333333333333286e+01,8.058839474809824559e-07
1.140000000000000036e+01,7.987925870734691848e-07
1.141666666666666607e+01,7.916338646719919902e-07
1.143333333333333357e+01,7.844042060956076464e-07
1.144999999999999929e+01,7.771176822890757438e-07
1.146666666666666679e+01,7.698017168893963494e-07
1.148333333333333250e+01,7.624898133558115457e-07
1.150000000000000000e+01,7.552132115764346655e-07
1.151666666666666572e+01,7.479935386411442642e-07
1.153333333333333321e+01,7.408381699504522130e-07
1.155000000000000071e+01,7.337392749066119921e-07
1.156666666666666643e+01,7.266765848364254899e-07
1.158333333333333393e+01,7.196230240829874629e-07
1.159999999999999964e+01,7.125517012360085660e-07
1.161666666666666714e+01,7.054425073260464709e-07
1.163333333333333286e+01,6.982867511238506773e-07
1.165000000000000036e+01,6.910888123271992007e-07
1.166666666666666607e+01,6.838645609208852287e-07
1.168333333333333357e+01,6.766370804792122234e-07
1.169999999999999929e+01,6.694308544820064352e-07
1.171666666666666679e+01,6.622658871306748660e-07
1.173333333333333250e+01,6.551531741024328187e-07
1.175000000000000000e+01,6.480925456988368527e-07
1.176666666666666572e+01,6.410732858235745426e-07
1.178333333333333321e+01,6.340781365403107618e-07
1.180000000000000071e+01,6.270863856084598193e-07
1.181666666666666643e+01,6.200778179859492094e-07
1.183333333333333393e+01,6.130375965401407379e-07
1.184999999999999964e+01,6.059597580209207907e-07
1.186666666666666714e+01,5.988484051936189502e-07
1.188333333333333286e+01,5.917164290494712476e-07
1.190000000000000036e+01,5.845821936735463839e-07
1.191666666666666607e+01,5.774650811915446879e-07
1.193333333333333357e+01,5.703810202855744553e-07
1.194999999999999929e+01,5.633390677215673741e-07
1.196666666666666679e+01,5.563398055605386094e-07
1.198333333333333250e+01,5.493758433822398385e-07
1.200000000000000000e+01,5.424341970600524639e-07
1.201666666666666572e+01,5.354998788877683283e-07
1.203333333333333321e+01,5.285597785908414845e-07
1.205000000000000071e+01,5.216058927678417170e-07
1.206666666666666643e+01,5.146371646265853606e-07
1.208333333333333393e+01,5.076595660380514678e-07
1.209999999999999964e+01,5.006844928780026919e-07
1.211666666666666714e+01,4.937259440875761315e-07
1.213333333333333286e+01,4.867972213203350715e-07
1.215000000000000036e+01,4.799079625979483304e-07
1.216666666666666607e+01,4.730622016202833579e-07
1.218333333333333357e+01,4.662578636272370274e-07
1.219999999999999929e+01,4.594877441987720729e-07
1.221666666666666679e+01,4.527416607415735892e-07
1.223333333333333250e+01,4.460092020663221225e-07
1.225000000000000000e+01,4.392823881643243722e-07
1.226666666666666572e+01,4.325576092430235057e-07
1.228333333333333321e+01,4.258364178216036744e-07
1.230000000000000071e+01,4.191250437349100708e-07
1.231666666666666643e+01,4.124328137661286296e-07
1.233333333333333393e+01,4.057699100224357894e-07
1.234999999999999964e+01,3.991450368221004431e-07
1.236666666666666714e+01,3.925635583397660962e-07
1.238333333333333286e+01,3.860265277870091463e-07
1.240000000000000036e+01,3.795307941546314028e-07
1.241666666666666607e+01,3.730701054815289150e-07
1.243333333333333357e+01,3.666368937345340133e-07
1.244999999999999929e+01,3.602242796604082854e-07
1.246666666666666679e+01,3.538278072023845186e-07
1.248333333333333250e+01,3.474465069952499841e-07
1.250000000000000000e+01,3.410830693988808345e-07
1.251666666666666572e+01,3.347431316298909894e-07
1.253333333333333321e+01,3.284338949918936607e-07
1.255000000000000071e+01,3.221624371417287491e-07
1.256666666666666643e+01,3.159341384235181408e-07
1.258333333333333393e+01,3.097515924069629970e-07
1.259999999999999964e+01,3.036142360408104880e-07
1.261666666666666714e+01,2.975187507121134616e-07
1.263333333333333286e+01,2.914600986749433036e-07
1.265000000000000036e+01,2.854329145254931174e-07
1.266666666666666607e+01,2.794329009350609979e-07
1.268333333333333357e+01,2.734578949380787174e-07
1.269999999999999929e+01,2.675083669788883359e-07
1.271666666666666679e+01,2.615872627275008448e-07
1.273333333333333250e+01,2.556992593219485465e-07
1.275000000000000000e+01,2.498496439363129786e-07
1.276666666666666572e+01,2.440431020930184415e-07
1.278333333333333321e+01,2.382827099110469529e-07
1.280000000000000071e+01,2.325693605833607809e-07
1.281666666666666643e+01,2.269017397732730621e-07
1.283333333333333393e+01,2.212768275410149364e-07
1.284999999999999964e+01,2.156907797825217413e-07
1.286666666666666714e+01,2.101399590431689659e-07
1.288333333333333286e+01,2.046218607439767374e-07
1.290000000000000036e+01,1.991357189081067491e-07
1.291666666666666607e+01,1.936826632033198528e-07
1.293333333333333357e+01,1.882654128830678309e-07
1.294999999999999929e+01,1.828876046286384281e-07
1.296666666666666679e+01,1.775529337602557423e-07
1.298333333333333250e+01,1.722643236303371108e-07
1.300000000000000000e+01,1.670233202236777594e-07
1.301666666666666572e+01,1.618298450214679251e-07
1.303333333333333321e+01,1.566823467544614154e-07
1.304999999999999893e+01,1.515782952517514737e-07
1.306666666666666643e+01,1.465148818184373041e-07
1.308333333333333393e+01,1.414897481730098585e-07
1.309999999999999964e+01,1.365015683489150344e-07
1.311666666666666714e+01,1.315503521140401119e-07
1.313333333333333286e+01,1.266374117709817033e-07
1.315000000000000036e+01,1.217650176208358569e-07
1.316666666666666607e+01,1.169358404536973405e-07
1.318333333333333357e+01,1.121523252485802530e-07
1.319999999999999929e+01,1.074161492624104084e-07
1.321666666666666679e+01,1.027278896654389825e-07
1.323333333333333250e+01,9.808696935591705398e-08
1.325000000000000000e+01,9.349187959434753308e-08
1.326666666666666572e+01,8.894061204154128585e-08
1.328333333333333321e+01,8.443118620880096341e-08
1.329999999999999893e+01,7.996214143635412505e-08
1.331666666666666643e+01,7.553287768520822511e-08
1.333333333333333393e+01,7.114377154240236010e-08
1.334999999999999964e+01,6.679605130022037036e-08
1.336666666666666714e+01,6.249147337322153204e-08
1.338333333333333286e+01,5.823188761236916140e-08
1.340000000000000036e+01,5.401880109122707790e-08
1.341666666666666607e+01,4.985304467776724048e-08
1.343333333333333357e+01,4.573461677102385241e-08
1.344999999999999929e+01,4.166273244156845420e-08
1.346666666666666679e+01,3.763605568424058131e-08
1.348333333333333250e+01,3.365304988058916601e-08
1.350000000000000000e+01,2.971235669289239221e-08
1.351666666666666572e+01,2.581311142981186725e-08
1.353333333333333321e+01,2.195512281967071875e-08
1.354999999999999893e+01,1.813888125129069014e-08
1.356666666666666643e+01,1.436540234514959318e-08
1.358333333333333393e+01,1.063595172829472489e-08
1.359999999999999964e+01,6.951722888963097163e-09
1.361666666666666714e+01,3.313547497701820558e-09
1.363333333333333286e+01,-2.782942567241710392e-10
1.365000000000000036e+01,-3.824123125307808783e-09
1.366666666666666607e+01,-7.324765448945770640e-09
1.368333333333333357e+01,-1.078134320428880171e-08
1.369999999999999929e+01,-1.419500546422165999e-08
1.371666666666666679e+01,-1.756666844629826627e-08
1.373333333333333250e+01,-2.089682576931234291e-08
1.375000000000000000e+01,-2.418547062105249334e-08
1.376666666666666572e+01,-2.743214266159015072e-08
1.378333333333333321e+01,-3.063608201376336905e-08
1.379999999999999893e+01,-3.379644803113585006e-08
1.381666666666666643e+01,-3.691254723810377281e-08
1.383333333333333393e+01,-3.998401550734372193e-08
1.384999999999999964e+01,-4.301091328141673337e-08
1.386666666666666714e+01,-4.599371556183352600e-08
1.388333333333333286e+01,-4.893320444036655730e-08
1.390000000000000036e+01,-5.183029484862353217e-08
1.391666666666666607e+01,-5.468583855833823678e-08
1.393333333333333357e+01,-5.750045437253142757e-08
1.394999999999999929e+01,-6.027442368204903457e-08
1.396666666666666679e+01,-6.300767298108066791e-08
1.398333333333333250e+01,-6.569984301530839893e-08
1.400000000000000000e+01,-6.835042357229532176e-08
1.401666666666666572e+01,-7.095891833160639825e-08
1.403333333333333321e+01,-7.352499883438162110e-08
1.404999999999999893e+01,-7.604861133592363187e-08
1.406666666666666643e+01,-7.853001342037802789e-08
1.408333333333333393e+01,-8.096973523359553499e-08
1.409999999999999964e+01,-8.336847845456636814e-08
1.411666666666666714e+01,-8.572698032142087027e-08
1.413333333333333286e+01,-8.804587696829595076e-08
1.415000000000000036e+01,-9.032559874636279878e-08
1.416666666666666607e+01,-9.256632086096743923e-08
1.418333333333333357e+01,-9.476797827192394484e-08
1.419999999999999929e+01,-9.693033795496893956e-08
1.421666666666666679e+01,-9.905310832321373209e-08
1.423333333333333250e+01,-1.011360577333748981e-07
1.425000000000000000e+01,-1.031791132919861270e-07
1.426666666666666572e+01,-1.051824173590141461e-07
1.428333333333333321e+01,-1.071463304095292909e-07
1.429999999999999893e+01,-1.090713823149375903e-07
1.431666666666666643e+01,-1.109581863243678457e-07
1.433333333333333393e+01,-1.128073381828862130e-07
1.434999999999999964e+01,-1.146193252408724829e-07
1.436666666666666714e+01,-1.163944667371325792e-07
1.438333333333333286e+01,-1.181328978918895093e-07
1.440000000000000036e+01,-1.198345993496691918e-07
1.441666666666666607e+01,-1.214994625956880730e-07
1.443333333333333357e+01,-1.231273738509701593e-07
1.444999999999999929e+01,-1.247182954539444417e-07
1.446666666666666679e+01,-1.262723253954712873e-07
1.448333333333333250e+01,-1.277897219061356789e-07
1.450000000000000000e+01,-1.292708890081982873e-07
1.451666666666666572e+01,-1.307163284649815845e-07
1.453333333333333321e+01,-1.321265713247795451e-07
1.454999999999999893e+01,-1.335021064393661680e-07
1.456666666666666643e+01,-1.348433231837505024e-07
1.458333333333333393e+01,-1.361504813027499399e-07
1.459999999999999964e+01,-1.374237136852511016e-07
1.461666666666666714e+01,-1.386630596936817130e-07
1.463333333333333286e+01,-1.398685195127169794e-07
1.465000000000000036e+01,-1.410401154367761040e-07
1.466666666666666607e+01,-1.421779450903028211e-07
1.468333333333333357e+01,-1.432822142757461307e-07
1.469999999999999929e+01,-1.443532426376367412e-07
1.471666666666666679e+01,-1.453914421695444407e-07
1.473333333333333250e+01,-1.463972750937533411e-07
1.475000000000000000e+01,-1.473712022052814207e-07
1.476666666666666572e+01,-1.483136345073124203e-07
1.478333333333333321e+01,-1.492248995000933793e-07
1.479999999999999893e+01,-1.501052294115732197e-07
1.481666666666666643e+01,-1.509547730468443246e-07
1.483333333333333393e+01,-1.517736271930384281e-07
1.484999999999999964e+01,-1.525618790644276795e-07
1.486666666666666714e+01,-1.533196490820603895e-07
1.488333333333333286e+01,-1.540471237293886197e-07
1.490000000000000036e+01,-1.547445711464823103e-07
1.491666666666666607e+01,-1.554123366072326691e-07
1.493333333333333357e+01,-1.560508199882565841e-07
1.494999999999999929e+01,-1.566604415195648081e-07
1.496666666666666679e+01,-1.572416045940239071e-07
1.498333333333333250e+01,-1.577946646537507654e-07
1.500000000000000000e+01,-1.583199112633359248e-07
1.501666666666666572e+01,-1.588175669549577036e-07
1.503333333333333321e+01,-1.592878022591943977e-07
1.504999999999999893e+01,-1.597307624900269032e-07
1.506666666666666643e+01,-1.601465992690486461e-07
1.508333333333333393e+01,-1.605354990098630748e-07
1.509999999999999964e+01,-1.608977016997049497e-07
1.511666666666666714e+01,-1.612335059936925768e-07
1.513333333333333286e+01,-1.615432600914189652e-07
1.515000000000000036e+01,-1.618273412997418817e-07
1.516666666666666607e+01,-1.620861297263000782e-07
1.518333333333333357e+01,-1.623199826906394585e-07
1.519999999999999929e+01,-1.625292159036981260e-07
1.521666666666666679e+01,-1.627140955625488695e-07
1.523333333333333250e+01,-1.628748426746206517e-07
1.525000000000000000e+01,-1.630116479484976153e-07
1.526666666666666572e+01,-1.631246931305405336e-07
1.528333333333333321e+01,-1.632141733666156197e-07
1.529999999999999893e+01,-1.632803151814099146e-07
1.531666666666666643e+01,-1.633233859941710469e-07
1.533333333333333393e+01,-1.633436933341885724e-07
1.534999999999999964e+01,-1.633415744610356898e-07
1.536666666666666714e+01,-1.633173793479575391e-07
1.538333333333333286e+01,-1.632714514321563171e-07
1.540000000000000036e+01,-1.632041108323043004e-07
1.541666666666666607e+01,-1.631156439040907988e-07
1.543333333333333357e+01,-1.630063012995515646e-07
1.544999999999999929e+01,-1.628763045425422049e-07
1.546666666666666679e+01,-1.627258591130033426e-07
1.548333333333333250e+01,-1.625551705692698765e-07
1.550000000000000000e+01,-1.623644596970289524e-07
1.551666666666666572e+01,-1.621539731054926252e-07
1.553333333333333321e+01,-1.619239869803666171e-07
1.554999999999999893e+01,-1.616748034275909372e-07
1.556666666666666643e+01,-1.614067406671647536e-07
1.558333333333333393e+01,-1.611201197108529831e-07
1.559999999999999964e+01,-1.608152509004901045e-07
1.561666666666666714e+01,-1.604924235062875055e-07
1.563333333333333286e+01,-1.601519007060771604e-07
1.565000000000000036e+01,-1.597939208698115515e-07
1.566666666666666607e+01,-1.594187045074606594e-07
1.568333333333333357e+01,-1.590264649249227881e-07
1.569999999999999929e+01,-1.586174198509107250e-07
1.571666666666666679e+01,-1.581918011933140786e-07
1.573333333333333250e+01,-1.577498606928128262e-07
1.575000000000000000e+01,-1.572918703320379557e-07
1.576666666666666572e+01,-1.568181176590236839e-07
1.578333333333333321e+01,-1.563288974060461478e-07
1.579999999999999893e+01,-1.558245015788722130e-07
1.581666666666666643e+01,-1.553052104635680766e-07
1.583333333333333393e+01,-1.547712866446437239e-07
1.584999999999999964e+01,-1.542229732990486071e-07
1.586666666666666714e+01,-1.536604969532693416e-07
1.588333333333333286e+01,-1.530840738121379655e-07
1.590000000000000036e+01,-1.524939179548008488e-07
1.591666666666666607e+01,-1.518902493459489770e-07
1.593333333333333357e+01,-1.512732997509058582e-07
1.594999999999999929e+01,-1.506433152423324325e-07
1.596666666666666679e+01,-1.500005548836399024e-07
1.598333333333333250e+01,-1.493452860800496396e-07
1.600000000000000000e+01,-1.486777778819884763e-07
1.601666666666666572e+01,-1.479982939418600627e-07
1.603333333333333144e+01,-1.473070868114742703e-07
1.605000000000000071e+01,-1.466043948782559385e-07
1.606666666666666643e+01,-1.458904425270322973e-07
1.608333333333333215e+01,-1.451654433228616250e-07
1.610000000000000142e+01,-1.444296052893234791e-07
1.611666666666666714e+01,-1.436831369195688459e-07
1.613333333333333286e+01,-1.429262524385331036e-07
1.614999999999999858e+01,-1.421591750985710195e-07
1.616666666666666785e+01,-1.413821378181302862e-07
1.618333333333333357e+01,-1.405953811330227408e-07
1.619999999999999929e+01,-1.397991491102231843e-07
1.621666666666666501e+01,-1.389936842710743649e-07
1.623333333333333428e+01,-1.381792228060567696e-07
1.625000000000000000e+01,-1.373559911975537289e-07
1.626666666666666572e+01,-1.365242049772771116e-07
1.628333333333333144e+01,-1.356840698101038970e-07
1.630000000000000071e+01,-1.348357845213083211e-07
1.631666666666666643e+01,-1.339795452419702111e-07
1.633333333333333215e+01,-1.331155496156021758e-07
1.635000000000000142e+01,-1.322440000693775863e-07
1.636666666666666714e+01,-1.313651054093039183e-07
1.638333333333333286e+01,-1.304790804382210572e-07
1.639999999999999858e+01,-1.295861437881352482e-07
1.641666666666666785e+01,-1.286865145845180115e-07
1.643333333333333357e+01,-1.277804087789072729e-07
1.644999999999999929e+01,-1.268680360522090659e-07
1.646666666666666501e+01,-1.259495979960286699e-07
1.648333333333333428e+01,-1.250252879339940133e-07
1.650000000000000000e+01,-1.240952923474405280e-07
1.651666666666666572e+01,-1.231597934751284303e-07
1.653333333333333144e+01,-1.222189723986047533e-07
1.655000000000000071e+01,-1.212730118659894820e-07
1.656666666666666643e+01,-1.203220981796586215e-07
1.658333333333333215e+01,-1.193664217482228516e-07
1.660000000000000142e+01,-1.184061762385292274e-07
1.661666666666666714e+01,-1.174415565973426207e-07
1.663333333333333286e+01,-1.164727564778369233e-07
1.664999999999999858e+01,-1.154999657099215013e-07
1.666666666666666785e+01,-1.145233684074336844e-07
1.668333333333333357e+01,-1.135431421538305257e-07
1.669999999999999929e+01,-1.125594583835793890e-07
1.671666666666666501e+01,-1.115724838089322736e-07
1.673333333333333428e+01,-1.105823825031731459e-07
1.675000000000000000e+01,-1.095893181056840146e-07
1.676666666666666572e+01,-1.085934556113513182e-07
1.678333333333333144e+01,-1.075949623487072643e-07
1.680000000000000071e+01,-1.065940079474687213e-07
1.681666666666666643e+01,-1.055907633481453474e-07
1.683333333333333215e+01,-1.045853991503673249e-07
1.685000000000000142e+01,-1.035780837220466841e-07
1.686666666666666714e+01,-1.025689815385044196e-07
1.688333333333333286e+01,-1.015582521232907040e-07
1.689999999999999858e+01,-1.005460498254818862e-07
1.691666666666666785e+01,-9.953252443520973941e-08
1.693333333333333357e+01,-9.851782245279595281e-08
1.694999999999999929e+01,-9.750208867360592595e-08
1.696666666666666501e+01,-9.648546768607434020e-08
1.698333333333333428e+01,-9.546810494976838066e-08
1.700000000000000000e+01,-9.445014719592625722e-08
1.701666666666666572e+01,-9.343174210332840071e-08
1.703333333333333144e+01,-9.241303735598842324e-08
1.705000000000000071e+01,-9.139417934774365091e-08
1.706666666666666643e+01,-9.037531185396844325e-08
1.708333333333333215e+01,-8.935657499951028679e-08
1.710000000000000142e+01,-8.833810473819350167e-08
1.711666666666666714e+01,-8.732003295655277275e-08
1.713333333333333286e+01,-8.630248814743088627e-08
1.714999999999999858e+01,-8.528559644852441045e-08
1.716666666666666785e+01,-8.426948279114592501e-08
1.718333333333333357e+01,-8.325427188258489463e-08
1.719999999999999929e+01,-8.224008878483213047e-08
1.721666666666666501e+01,-8.122705899043051852e-08
1.723333333333333428e+01,-8.021530798222924831e-08
1.725000000000000000e+01,-7.920496042912694260e-08
1.726666666666666572e+01,-7.819613922278608518e-08
1.728333333333333144e+01,-7.718896458509784743e-08
1.730000000000000071e+01,-7.618355347033243022e-08
1.731666666666666643e+01,-7.518001938161840411e-08
1.733333333333333215e+01,-7.417847263427803967e-08
1.735000000000000142e+01,-7.317902097128384247e-08
1.736666666666666714e+01,-7.218177036998342580e-08
1.738333333333333286e+01,-7.118682584588942755e-08
1.739999999999999858e+01,-7.019429205178662845e-08
1.741666666666666785e+01,-6.920427354985003465e-08
1.743333333333333357e+01,-6.821687471105638004e-08
1.744999999999999929e+01,-6.723219927117402135e-08
1.746666666666666501e+01,-6.625034968842350967e-08
1.748333333333333428e+01,-6.527142645611851973e-08
1.750000000000000000e+01,-6.429552753930414400e-08
1.751666666666666572e+01,-6.332274806655745650e-08
1.753333333333333144e+01,-6.235318033898445859e-08
1.755000000000000071e+01,-6.138691413932010962e-08
1.756666666666666643e+01,-6.042403725268154923e-08
1.758333333333333215e+01,-5.946463606409032431e-08
1.760000000000000142e+01,-5.850879609228315352e-08
1.761666666666666714e+01,-5.755660233570707866e-08
1.763333333333333286e+01,-5.660813935479987464e-08
1.764999999999999858e+01,-5.566349109264411070e-08
1.766666666666666785e+01,-5.472274048961947034e-08
1.768333333333333357e+01,-5.378596899384607673e-08
1.769999999999999929e+01,-5.285325609664029090e-08
1.771666666666666501e+01,-5.192467899742200592e-08
1.773333333333333428e+01,-5.100031248139687554e-08
1.775000000000000000e+01,-5.008022901934877294e-08
1.776666666666666572e+01,-4.916449907186379027e-08
1.778333333333333144e+01,-4.825319150055145338e-08
1.780000000000000071e+01,-4.734637399629785657e-08
1.781666666666666643e+01,-4.644411341375299794e-08
1.783333333333333215e+01,-4.554647594903055592e-08
1.785000000000000142e+01,-4.465352711865227810e-08
1.786666666666666714e+01,-4.376533157088338964e-08
1.788333333333333286e+01,-4.288195276648933640e-08
1.789999999999999858e+01,-4.200345262796557129e-08
1.791666666666666785e+01,-4.112989123959372473e-08
1.793333333333333357e+01,-4.026132666925344740e-08
1.794999999999999929e+01,-3.939781494956569665e-08
1.796666666666666501e+01,-3.853941022271825770e-08
1.798333333333333428e+01,-3.768616499950025760e-08
1.800000000000000000e+01,-3.683813047641987888e-08
1.801666666666666572e+01,-3.599535682362072502e-08
1.803333333333333144e+01,-3.515789338747333429e-08
1.805000000000000071e+01,-3.432578876065330588e-08
1.806666666666666643e+01,-3.349909072034487959e-08
1.808333333333333215e+01,-3.267784605005839027e-08
1.810000000000000142e+01,-3.186210029574734692e-08
1.811666666666666714e+01,-3.105189752671089065e-08
1.813333333333333286e+01,-3.024728014948865871e-08
1.814999999999999858e+01,-2.944828883164546471e-08
1.816666666666666785e+01,-2.865496254282650243e-08
1.818333333333333357e+01,-2.786733870085081590e-08
1.819999999999999929e+01,-2.708545338129342586e-08
1.821666666666666501e+01,-2.630934155124975713e-08
1.823333333333333428e+01,-2.553903726038463457e-08
1.825000000000000000e+01,-2.477457375457982851e-08
1.826666666666666572e+01,-2.401598348368652708e-08
1.828333333333333144e+01,-2.326329802409932510e-08
1.830000000000000071e+01,-2.251654792918362572e-08
1.831666666666666643e+01,-2.177576255138614840e-08
1.833333333333333215e+01,-2.104096988328211232e-08
1.835000000000000142e+01,-2.031219645896316443e-08
1.836666666666666714e+01,-1.958946733906513569e-08
1.838333333333333286e+01,-1.887280617637192404e-08
1.839999999999999858e+01,-1.816223534926050270e-08
1.841666666666666785e+01,-1.745777612665286411e-08
1.843333333333333357e+01,-1.675944882755118145e-08
1.844999999999999929e+01,-1.606727294576398925e-08
1.846666666666666501e+01,-1.538126720277796998e-08
1.848333333333333428e+01,-1.470144952826611292e-08
1.850000000000000000e+01,-1.402783698334672603e-08
1.851666666666666572e+01,-1.336044564008123010e-08
1.853333333333333144e+01,-1.269929046214023789e-08
1.855000000000000071e+01,-1.204438520911977599e-08
1.856666666666666643e+01,-1.139574238741757261e-08
1.858333333333333215e+01,-1.075337327389027255e-08
1.860000000000000142e+01,-1.011728799052204346e-08
1.861666666666666714e+01,-9.487495613767579234e-09
1.863333333333333286e+01,-8.864004294185223582e-09
1.864999999999999858e+01,-8.246821373074978545e-09
1.866666666666666785e+01,-7.635953447813404864e-09
1.868333333333333357e+01,-7.031406392336652951e-09
1.869999999999999929e+01,-6.433185333352937189e-09
1.871666666666666501e+01,-5.841294576996775958e-09
1.873333333333333428e+01,-5.255737523666997126e-09
1.875000000000000000e+01,-4.676516588441959207e-09
1.876666666666666572e+01,-4.103633149910181829e-09
1.878333333333333144e+01,-3.537087538445615583e-09
1.880000000000000071e+01,-2.976879072936545309e-09
1.881666666666666643e+01,-2.423006128357954065e-09
1.883333333333333215e+01,-1.875466225675915721e-09
1.885000000000000142e+01,-1.334256123246066399e-09
1.886666666666666714e+01,-7.993718826481723065e-10
1.888333333333333286e+01,-2.708089108381720050e-10
1.889999999999999858e+01,2.514380366545883342e-10
1.891666666666666785e+01,7.673748886789867464e-10
1.893333333333333357e+01,1.277008309502482746e-09
1.894999999999999929e+01,1.780345764898094671e-09
1.896666666666666501e+01,2.277395562033805604e-09
1.898333333333333428e+01,2.768166872986688921e-09
1.900000000000000000e+01,3.252669730236835390e-09
1.901666666666666572e+01,3.730914984686566449e-09
1.903333333333333144e+01,4.202914244064421199e-09
1.905000000000000071e+01,4.668679809133288253e-09
1.906666666666666643e+01,5.128224608972849260e-09
1.908333333333333215e+01,5.581562156267884339e-09
1.910000000000000142e+01,6.028706526498166455e-09
1.911666666666666714e+01,6.469672362139154227e-09
1.913333333333333286e+01,6.904474908786462344e-09
1.914999999999999858e+01,7.333130046364632511e-09
1.916666666666666785e+01,7.755654326911656919e-09
1.918333333333333357e+01,8.172065002550356179e-09
1.919999999999999929e+01,8.582380030223102419e-09
1.921666666666666501e+01,8.986618052247515414e-09
1.923333333333333428e+01,9.384798360533741838e-09
1.925000000000000000e+01,9.776940845730140632e-09
1.926666666666666572e+01,1.016306594741427982e-08
1.928333333333333144e+01,1.054319461146981343e-08
1.930000000000000071e+01,1.091734826035666730e-08
1.931666666666666643e+01,1.128554878607585803e-08
1.933333333333333215e+01,1.164781855879483776e-08
1.935000000000000142e+01,1.200418044837453048e-08
1.936666666666666714e+01,1.235465785035302885e-08
1.938333333333333286e+01,1.269927470727931510e-08
1.939999999999999858e+01,1.303805552080542065e-08
1.941666666666666785e+01,1.337102534821722235e-08
1.943333333333333357e+01,1.369820977733972826e-08
1.944999999999999929e+01,1.401963489399360853e-08
1.946666666666666501e+01,1.433532724365946365e-08
1.948333333333333428e+01,1.464531379454164414e-08
1.950000000000000000e+01,1.494962190882507922e-08
1.951666666666666572e+01,1.524827932414037280e-08
1.953333333333333144e+01,1.554131414957868719e-08
1.955000000000000071e+01,1.582875488020920616e-08
1.956666666666666643e+01,1.611063041133168860e-08
1.958333333333333215e+01,1.638697005289611580e-08
1.960000000000000142e+01,1.665780354163800348e-08
1.961666666666666714e+01,1.692316103841470152e-08
1.963333333333333286e+01,1.718307311883165757e-08
1.964999999999999858e+01,1.743757074908278080e-08
1.966666666666666785e+01,1.768668526483877770e-08
1.968333333333333357e+01,1.793044833859990820e-08
1.969999999999999929e+01,1.816889195174165185e-08
1.971666666666666501e+01,1.840204837865938257e-08
1.973333333333333428e+01,1.862995017317262301e-08
1.975000000000000000e+01,1.885263017100175894e-08
1.976666666666666572e+01,1.907012149794962644e-08
1.978333333333333144e+01,1.928245757631566558e-08
1.980000000000000071e+01,1.948967213157501346e-08
1.981666666666666643e+01,1.969179920029096980e-08
1.983333333333333215e+01,1.988887312454751231e-08
1.985000000000000142e+01,2.008092854050261248e-08
1.986666666666666714e+01,2.026800035658943245e-08
1.988333333333333286e+01,2.045012373284471421e-08
1.989999999999999858e+01,2.062733406165585970e-08
1.991666666666666785e+01,2.079966694141797783e-08
1.993333333333333357e+01,2.096715816510558691e-08
1.994999999999999929e+01,2.112984371939320918e-08
1.996666666666666501e+01,2.128775977908733023e-08
1.998333333333333428e+01,2.144094271752845331e-08
2.000000000000000000e+01,2.158942910812033456e-08
2.001666666666666572e+01,2.173325573055613842e-08
2.003333333333333144e+01,2.187245957134750236e-08
2.005000000000000071e+01,2.200707781567793278e-08
2.006666666666666643e+01,2.213714783349164875e-08
2.008333333333333215e+01,2.226270716459038474e-08
2.010000000000000142e+01,2.238379349707174670e-08
2.011666666666666714e+01,2.250044465091994058e-08
2.013333333333333286e+01,2.261269856306921653e-08
2.014999999999999858e+01,2.272059328096851946e-08
2.016666666666666785e+01,2.282416696089906993e-08
2.018333333333333357e+01,2.292345786877119382e-08
2.019999999999999929e+01,2.301850438338374147e-08
2.021666666666666501e+01,2.310934500111140265e-08
2.023333333333333428e+01,2.319601833427602426e-08
2.025000000000000000e+01,2.327856310363565489e-08
2.026666666666666572e+01,2.335701813122783775e-08
2.028333333333333144e+01,2.343142233006745324e-08
2.030000000000000071e+01,2.350181468573312606e-08
2.031666666666666643e+01,2.356823425052992406e-08
2.033333333333333215e+01,2.363072012337064826e-08
2.035000000000000142e+01,2.368931144283744515e-08
2.036666666666666714e+01,2.374404738715109512e-08
2.038333333333333286e+01,2.379496716893302365e-08
2.039999999999999858e+01,2.384211003141326043e-08
2.041666666666666785e+01,2.388551525668864673e-08
2.043333333333333357e+01,2.392522216198643405e-08
2.044999999999999929e+01,2.396127009845860223e-08
2.046666666666666501e+01,2.399369844729700568e-08
2.048333333333333428e+01,2.402254660638472972e-08
2.050000000000000000e+01,2.404785398464803518e-08
2.051666666666666572e+01,2.406965999098586606e-08
2.053333333333333144e+01,2.408800401957266657e-08
2.055000000000000071e+01,2.410292544819626094e-08
2.056666666666666643e+01,2.411446362110140616e-08
2.058333333333333215e+01,2.412265785188783259e-08
2.060000000000000142e+01,2.412754742190938470e-08
2.061666666666666714e+01,2.412917158239964696e-08
2.063333333333333286e+01,2.412756955364598416e-08
2.064999999999999858e+01,2.412278052432386616e-08
2.066666666666666785e+01,2.411484364749707902e-08
2.068333333333333357e+01,2.410379803720918505e-08
2.069999999999999929e+01,2.408968275321849352e-08
2.071666666666666501e+01,2.407253679850744967e-08
2.073333333333333428e+01,2.405239910743267349e-08
2.075000000000000000e+01,2.402930854109432658e-08
2.076666666666666572e+01,2.400330387612369883e-08
2.078333333333333144e+01,2.397442380760523709e-08
2.080000000000000071e+01,2.394270693994813737e-08
2.081666666666666643e+01,2.390819178959553002e-08
2.083333333333333215e+01,2.387091678884719900e-08
2.085000000000000142e+01,2.383092028083242479e-08
2.086666666666666714e+01,2.378824051700082796e-08
2.088333333333333286e+01,2.374291565205079250e-08
2.089999999999999858e+01,2.369498374111041771e-08
2.091666666666666785e+01,2.364448273171372734e-08
2.093333333333333357e+01,2.359145045469363268e-08
2.094999999999999929e+01,2.353592462146019406e-08
2.096666666666666501e+01,2.347794281791384206e-08
2.098333333333333428e+01,2.341754249841126702e-08
2.100000000000000000e+01,2.335476098646770859e-08
2.101666666666666572e+01,2.328963547075283250e-08
2.103333333333333144e+01,2.322220300789661316e-08
2.105000000000000071e+01,2.315250051643963583e-08
2.106666666666666643e+01,2.308056477663508609e-08
2.108333333333333215e+01,2.300643243188042080e-08
2.110000000000000142e+01,2.293013998017302912e-08
2.111666666666666714e+01,2.285172377278473186e-08
2.113333333333333286e+01,2.277122000369400651e-08
2.114999999999999858e+01,2.268866470871025440e-08
2.116666666666666785e+01,2.260409376120424185e-08
2.118333333333333357e+01,2.251754286946825909e-08
2.119999999999999929e+01,2.242904757086452217e-08
2.121666666666666501e+01,2.233864323187056537e-08
2.123333333333333428e+01,2.224636504665209984e-08
2.125000000000000000e+01,2.215224803743860654e-08
2.126666666666666572e+01,2.205632705254160670e-08
2.128333333333333144e+01,2.195863676605180785e-08
2.130000000000000071e+01,2.185921167338322747e-08
2.131666666666666643e+01,2.175808608835477068e-08
2.133333333333333215e+01,2.165529414012924844e-08
2.135000000000000142e+01,2.155086976836733992e-08
2.136666666666666714e+01,2.144484671909772783e-08
2.138333333333333286e+01,2.133725854218351704e-08
2.139999999999999858e+01,2.122813858880813158e-08
2.141666666666666785e+01,2.111752000986220653e-08
2.143333333333333357e+01,2.100543575444708602e-08
2.144999999999999929e+01,2.089191857096798537e-08
2.146666666666666501e+01,2.077700100914928761e-08
2.148333333333333428e+01,2.066071541717388495e-08
2.150000000000000000e+01,2.054309393717983215e-08
2.151666666666666572e+01,2.042416850481301381e-08
2.153333333333333144e+01,2.030397084704261342e-08
2.155000000000000071e+01,2.018253247493980995e-08
2.156666666666666643e+01,2.005988468376049931e-08
2.158333333333333215e+01,1.993605855132258101e-08
2.160000000000000142e+01,1.981108493554793805e-08
2.161666666666666714e+01,1.968499447532610939e-08
2.163333333333333286e+01,1.955781758651802830e-08
2.164999999999999858e+01,1.942958446298167658e-08
2.166666666666666785e+01,1.930032507932504759e-08
2.168333333333333357e+01,1.917006918632233149e-08
2.169999999999999929e+01,1.903884631046386942e-08
2.171666666666666501e+01,1.890668575266502050e-08
2.173333333333333428e+01,1.877361658856428438e-08
2.175000000000000000e+01,1.863966766381569062e-08
2.176666666666666572e+01,1.850486759670210046e-08
2.178333333333333144e+01,1.836924476836120103e-08
2.180000000000000071e+01,1.823282732449106572e-08
2.181666666666666643e+01,1.809564317952426969e-08
2.183333333333333215e+01,1.795772001015501297e-08
2.185000000000000142e+01,1.781908525714636452e-08
2.186666666666666714e+01,1.767976612391468160e-08
2.188333333333333286e+01,1.753978958092142592e-08
2.189999999999999858e+01,1.739918235776925442e-08
2.191666666666666785e+01,1.725797095009542480e-08
2.193333333333333357e+01,1.711618161821683074e-08
2.194999999999999929e+01,1.697384038490600761e-08
2.196666666666666501e+01,1.683097303064651723e-08
2.198333333333333428e+01,1.668760509294746318e-08
2.200000000000000000e+01,1.654376187137430084e-08
2.201666666666666572e+01,1.639946841859732360e-08
2.203333333333333144e+01,1.625474954214236755e-08
2.205000000000000071e+01,1.610962980617536429e-08
2.206666666666666643e+01,1.596413353086673863e-08
2.208333333333333215e+01,1.581828479590946735e-08
2.210000000000000142e+01,1.567210743749485719e-08
2.211666666666666714e+01,1.552562505023386707e-08
2.213333333333333286e+01,1.537886098578215523e-08
2.214999999999999858e+01,1.523183835472492606e-08
2.216666666666666785e+01,1.508458001856168235e-08
2.218333333333333357e+01,1.493710859562265108e-08
2.219999999999999929e+01,1.478944645873104041e-08
2.221666666666666501e+01,1.464161573531337228e-08
2.223333333333333428e+01,1.449363830668835856e-08
2.225000000000000000e+01,1.434553580983882450e-08
2.226666666666666572e+01,1.419732963428262508e-08
2.228333333333333144e+01,1.404904092801744982e-08
2.230000000000000071e+01,1.390069059609649218e-08
2.231666666666666643e+01,1.375229930250964524e-08
2.233333333333333215e+01,1.360388746302845888e-08
2.235000000000000142e+01,1.345547524954571787e-08
2.236666666666666714e+01,1.330708259027898949e-08
2.238333333333333286e+01,1.315872916912203622e-08
2.239999999999999858e+01,1.301043442825444977e-08
2.241666666666666785e+01,1.286221756826437655e-08
2.243333333333333357e+01,1.271409754579879207e-08
2.244999999999999929e+01,1.256609307450785662e-08
2.246666666666666501e+01,1.241822263011370764e-08
2.248333333333333428e+01,1.227050444399710681e-08
2.250000000000000000e+01,1.212295650585011556e-08
2.251666666666666572e+01,1.197559656470181399e-08
2.253333333333333144e+01,1.182844213159459735e-08
2.255000000000000071e+01,1.168151047896877356e-08
2.256666666666666643e+01,1.153481864085536247e-08
2.258333333333333215e+01,1.138838341551286473e-08
2.260000000000000142e+01,1.124222136064573435e-08
2.261666666666666714e+01,1.109634880010966355e-08
2.263333333333333286e+01,1.095078181745589636e-08
2.264999999999999858e+01,1.080553626344574262e-08
2.266666666666666785e+01,1.066062775206585538e-08
2.268333333333333357e+01,1.051607166477713183e-08
2.269999999999999929e+01,1.037188315231348204e-08
2.271666666666666501e+01,1.022807712992270818e-08
2.273333333333333428e+01,1.008466828412287773e-08
2.275000000000000000e+01,9.941671069597143673e-09
2.276666666666666572e+01,9.799099710192490671e-09
2.278333333333333144e+01,9.656968203191236172e-09
2.280000000000000071e+01,9.515290313704696357e-09
2.281666666666666643e+01,9.374079579735691958e-09
2.283333333333333215e+01,9.233349312296547231e-09
2.285000000000000142e+01,9.093112599629792262e-09
2.286666666666666714e+01,8.953382304034050929e-09
2.288333333333333286e+01,8.814171067737726355e-09
2.289999999999999858e+01,8.675491311386535897e-09
2.291666666666666785e+01,8.537355232544790574e-09
2.293333333333333357e+01,8.399774808315435061e-09
2.294999999999999929e+01,8.262761797962969583e-09
2.296666666666666501e+01,8.126327743068549590e-09
2.298333333333333428e+01,7.990483965213504498e-09
2.300000000000000000e+01,7.855241570226202073e-09
2.301666666666666572e+01,7.720611446663124794e-09
2.303333333333333144e+01,7.586604268388507037e-09
2.305000000000000071e+01,7.453230498788722693e-09
2.306666666666666643e+01,7.320500390053039215e-09
2.308333333333333215e+01,7.188423984101730810e-09
2.310000000000000142e+01,7.057011115164115857e-09
2.311666666666666714e+01,6.926271410720834741e-09
2.313333333333333286e+01,6.796214289989354111e-09
2.314999999999999858e+01,6.666848968988531562e-09
2.316666666666666785e+01,6.538184460671775164e-09
2.318333333333333357e+01,6.410229574235742158e-09
2.319999999999999929e+01,6.282992913601604741e-09
2.321666666666666501e+01,6.156482883282755008e-09
2.323333333333333428e+01,6.030707687667594691e-09
2.325000000000000000e+01,5.905675336868673198e-09
2.326666666666666572e+01,5.781393641063102977e-09
2.328333333333333144e+01,5.657870213053183125e-09
2.330000000000000071e+01,5.535112474936787158e-09
2.331666666666666643e+01,5.413127653277742443e-09
2.333333333333333215e+01,5.291922788252288840e-09
2.335000000000000142e+01,5.171504732114413808e-09
2.336666666666666714e+01,5.051880146843699824e-09
2.338333333333333286e+01,4.933055510009763604e-09
2.339999999999999858e+01,4.815037113235354528e-09
2.341666666666666785e+01,4.697831063941181299e-09
2.343333333333333357e+01,4.581443282975634170e-09
2.344999999999999929e+01,4.465879508812824985e-09
2.346666666666666501e+01,4.351145299279324231e-09
2.348333333333333428e+01,4.237246031635616816e-09
2.350000000000000000e+01,4.124186905945262474e-09
2.351666666666666572e+01,4.011972949266860994e-09
2.353333333333333144e+01,3.900609016561687727e-09
2.355000000000000071e+01,3.790099793248275469e-09
2.356666666666666643e+01,3.680449792007772631e-09
2.358333333333333215e+01,3.571663357807859423e-09
2.360000000000000142e+01,3.463744665528138145e-09
2.361666666666666714e+01,3.356697723334649575e-09
2.363333333333333286e+01,3.250526373583030952e-09
2.364999999999999858e+01,3.145234288787581717e-09
2.366666666666666785e+01,3.040824979090920758e-09
2.368333333333333357e+01,2.937301794797273762e-09
2.369999999999999929e+01,2.834667928082586423e-09
2.371666666666666501e+01,2.732926413883906547e-09
2.373333333333333428e+01,2.632080132434350598e-09
2.375000000000000000e+01,2.532131807692274473e-09
2.376666666666666572e+01,2.433084012346647616e-09
2.378333333333333144e+01,2.334939165426938630e-09
2.380000000000000071e+01,2.237699534843879930e-09
2.381666666666666643e+01,2.141367242391284572e-09
2.383333333333333215e+01,2.045944260526440099e-09
2.385000000000000142e+01,1.951432415721681021e-09
2.386666666666666714e+01,1.857833387703047641e-09
2.388333333333333286e+01,1.765148715259521107e-09
2.389999999999999858e+01,1.673379795475358863e-09
2.391666666666666785e+01,1.582527883785349275e-09
2.393333333333333357e+01,1.492594102246974691e-09
2.394999999999999929e+01,1.403579432200601079e-09
2.396666666666666501e+01,1.315484719260141149e-09
2.398333333333333428e+01,1.228310674194407642e-09
2.400000000000000000e+01,1.142057878737579645e-09
2.401666666666666572e+01,1.056726784822955203e-09
2.403333333333333144e+01,9.723177171017803897e-10
2.405000000000000071e+01,8.888308721720854732e-10
2.406666666666666643e+01,8.062663202703416428e-10
2.408333333333333215e+01,7.246240044955882410e-10
2.410000000000000142e+01,6.439037433191736007e-10
2.411666666666666714e+01,5.641052339142174989e-10
2.413333333333333286e+01,4.852280513762364134e-10
2.414999999999999858e+01,4.072716512320858217e-10
2.416666666666666785e+01,3.302353744135078145e-10
2.418333333333333357e+01,2.541184497642480138e-10
2.419999999999999929e+01,1.789199899745251071e-10
2.421666666666666501e+01,1.046389949122026183e-10
2.423333333333333428e+01,3.127435659384165336e-11
2.425000000000000000e+01,-4.117514406408622677e-11
2.426666666666666572e+01,-1.127108339212130445e-10
2.428333333333333144e+01,-1.833341475791660137e-10
2.430000000000000071e+01,-2.530466257054812300e-10
2.431666666666666643e+01,-3.218499133590417001e-10
2.433333333333333215e+01,-3.897457566732869465e-10
2.435000000000000142e+01,-4.567360061126652557e-10
2.436666666666666714e+01,-5.228226098673257145e-10
2.438333333333333286e+01,-5.880076130016543150e-10
2.439999999999999858e+01,-6.522931557807641182e-10
2.441666666666666785e+01,-7.156814736405832660e-10
2.443333333333333357e+01,-7.781748955150029608e-10
2.444999999999999929e+01,-8.397758429863419864e-10
2.446666666666666501e+01,-9.004868253299801108e-10
2.448333333333333428e+01,-9.603104444215515461e-10
2.450000000000000000e+01,-1.019249388140527082e-09
2.451666666666666572e+01,-1.077306430351007160e-09
2.453333333333333144e+01,-1.134484427596444834e-09
2.455000000000000071e+01,-1.190786323189519029e-09
2.456666666666666643e+01,-1.246215142261577065e-09
2.458333333333333215e+01,-1.300773991743476119e-09
2.460000000000000142e+01,-1.354466061166816425e-09
2.461666666666666714e+01,-1.407294616070439531e-09
2.463333333333333286e+01,-1.459262998804861440e-09
2.464999999999999858e+01,-1.510374625228805863e-09
2.466666666666666785e+01,-1.560632984694609444e-09
2.468333333333333357e+01,-1.610041639212814212e-09
2.469999999999999929e+01,-1.658604217689112990e-09
2.471666666666666501e+01,-1.706324419202303413e-09
2.473333333333333428e+01,-1.753206010529434674e-09
2.475000000000000000e+01,-1.799252825315401938e-09
2.476666666666666572e+01,-1.844468767349848191e-09
2.478333333333333144e+01,-1.888857804804385509e-09
2.480000000000000071e+01,-1.932423971866506516e-09
2.481666666666666643e+01,-1.975171365442573986e-09
2.483333333333333215e+01,-2.017104143505709547e-09
2.485000000000000142e+01,-2.058226521801762786e-09
2.486666666666666714e+01,-2.098542771379348288e-09
2.488333333333333286e+01,-2.138057219407981025e-09
2.489999999999999858e+01,-2.176774245888580482e-09
2.491666666666666785e+01,-2.214698284474142595e-09
2.493333333333333357e+01,-2.251833820003953227e-09
2.494999999999999929e+01,-2.288185391789810886e-09
2.496666666666666501e+01,-2.323757589505975545e-09
2.498333333333333428e+01,-2.358555054010375763e-09
