0.000000000000000000e+00,-1.027984282060330227e-17
1.000000000000000021e-02,-2.055968564120660454e-17
2.000000000000000042e-02,3.151892923613240866e-09
2.999999999999999889e-02,1.555403867893221829e-08
4.000000000000000083e-02,4.323948456360178315e-08
5.000000000000000278e-02,9.189126320406630403e-08
5.999999999999999778e-02,1.660405796354375318e-07
7.000000000000000666e-02,2.677569076169481073e-07
8.000000000000000167e-02,3.951678056151313563e-07
8.999999999999999667e-02,5.413496258067303022e-07
1.000000000000000056e-01,6.941370620775048154e-07
1.100000000000000006e-01,7.828843041272376649e-07
1.199999999999999956e-01,7.285454734401137519e-07
1.300000000000000044e-01,4.527198309392279428e-07
1.400000000000000133e-01,-1.373353617585371067e-07
1.499999999999999944e-01,-1.138008057679514239e-06
1.600000000000000033e-01,-2.614391072227582213e-06
1.700000000000000122e-01,-4.535463455784743119e-06
1.799999999999999933e-01,-6.733358874136678383e-06
1.900000000000000022e-01,-8.982039338689051046e-06
2.000000000000000111e-01,-1.112312162548048648e-05
2.099999999999999922e-01,-1.306595479178391453e-05
2.200000000000000011e-01,-1.470872775518038020e-05
2.300000000000000100e-01,-1.590379343162879203e-05
2.399999999999999911e-01,-1.648193224790299588e-05
2.500000000000000000e-01,-1.629748740257414865e-05
2.600000000000000089e-01,-1.526569091380879765e-05
2.700000000000000178e-01,-1.338168401079175594e-05
2.800000000000000266e-01,-1.072115860581049324e-05
2.899999999999999800e-01,-7.427207996808849982e-06
2.999999999999999889e-01,-3.689863292511091910e-06
3.099999999999999978e-01,2.751550520102651207e-07
3.200000000000000067e-01,4.243454298528525826e-06
3.300000000000000155e-01,7.992452589004936500e-06
3.400000000000000244e-01,1.130636992427816014e-05
3.500000000000000333e-01,1.397981686060548640e-05
3.599999999999999867e-01,1.582552638363375516e-05
3.699999999999999956e-01,1.669039026711986433e-05
3.800000000000000044e-01,1.647964328511723100e-05
3.900000000000000133e-01,1.518356301942321619e-05
4.000000000000000222e-01,1.289733945979742164e-05
4.100000000000000311e-01,9.825053825570470616e-06
4.199999999999999845e-01,6.263080283041516431e-06
4.299999999999999933e-01,2.564679100781278393e-06
4.400000000000000022e-01,-9.066887596119568722e-07
4.500000000000000111e-01,-3.824789777933226038e-06
4.600000000000000200e-01,-5.938652856800156953e-06
4.700000000000000289e-01,-7.094288519089450446e-06
4.799999999999999822e-01,-7.388046952453636429e-06
4.899999999999999911e-01,-6.894844543266381638e-06
5.000000000000000000e-01,-5.714092326955845727e-06
5.100000000000000089e-01,-3.978730715618834065e-06
5.200000000000000178e-01,-1.835566604680645005e-06
5.300000000000000266e-01,5.634322479347611637e-07
5.400000000000000355e-01,3.060219589069736812e-06
5.500000000000000444e-01,5.485598360659457950e-06
5.600000000000000533e-01,7.657117080398510414e-06
5.700000000000000622e-01,9.285695359169245322e-06
5.799999999999999600e-01,1.019032090658277296e-05
5.899999999999999689e-01,1.026336596639118550e-05
5.999999999999999778e-01,9.463989846761691150e-06
6.099999999999999867e-01,7.837323848685266191e-06
6.199999999999999956e-01,5.522396455463415335e-06
6.300000000000000044e-01,2.744950954261188266e-06
6.400000000000000133e-01,-2.050625333127286815e-07
6.500000000000000222e-01,-3.007765982639741832e-06
6.600000000000000311e-01,-5.353049215463797706e-06
6.700000000000000400e-01,-6.978269146589098130e-06
6.800000000000000488e-01,-7.697424648362263108e-06
6.900000000000000577e-01,-7.417721119473462825e-06
7.000000000000000666e-01,-6.142611625777640186e-06
7.099999999999999645e-01,-3.963325306148676226e-06
7.199999999999999734e-01,-1.042760367305293024e-06
7.299999999999999822e-01,2.403961560729013394e-06
7.399999999999999911e-01,6.128893414848887871e-06
7.500000000000000000e-01,9.868926505990644396e-06
7.600000000000000089e-01,1.336177709957271599e-05
7.700000000000000178e-01,1.636145443974365297e-05
7.800000000000000266e-01,1.865443112021358601e-05
7.900000000000000355e-01,2.007680710332764487e-05
8.000000000000000444e-01,2.053124625553621655e-05
8.100000000000000533e-01,2.000102028169901627e-05
8.200000000000000622e-01,1.855776473183314804e-05
8.300000000000000711e-01,1.635993272596506092e-05
8.399999999999999689e-01,1.364042487351937075e-05
8.499999999999999778e-01,1.068407778476366437e-05
8.599999999999999867e-01,7.797948595069314090e-06
8.699999999999999956e-01,5.278952884596396280e-06
8.800000000000000044e-01,3.383920041375562629e-06
8.900000000000000133e-01,2.137194745598168257e-06
9.000000000000000222e-01,1.567117556933570010e-06
9.100000000000000311e-01,1.674101376824990931e-06
9.200000000000000400e-01,2.411120972085369419e-06
9.300000000000000488e-01,3.695911411918941858e-06
9.400000000000000577e-01,5.419267774312948319e-06
9.500000000000000666e-01,7.448976378396551000e-06
9.599999999999999645e-01,9.631502046603361087e-06
9.699999999999999734e-01,1.179499353253618581e-05
9.799999999999999822e-01,1.365154713698678953e-05
9.899999999999999911e-01,1.496916177617405597e-05
1.000000000000000000e+00,1.565641362554804844e-05
1.010000000000000009e+00,1.567192372966514261e-05
1.020000000000000018e+00,1.503320812574536194e-05
1.030000000000000027e+00,1.382093734749695184e-05
1.040000000000000036e+00,1.217657723269112977e-05
1.050000000000000044e+00,1.029234887935658105e-05
1.060000000000000053e+00,8.393892110366164483e-06
1.070000000000000062e+00,6.717544714466557446e-06
1.080000000000000071e+00,5.485330657959858112e-06
1.090000000000000080e+00,4.881261976802998553e-06
1.100000000000000089e+00,5.032280859698615199e-06
1.110000000000000098e+00,5.996209372551505675e-06
1.120000000000000107e+00,7.757725569332491101e-06
1.130000000000000115e+00,1.023201886066765069e-05
1.140000000000000124e+00,1.327472843841653202e-05
1.150000000000000133e+00,1.669623354999134529e-05
1.159999999999999920e+00,2.027835842650226879e-05
1.169999999999999929e+00,2.379192854663962932e-05
1.179999999999999938e+00,2.701412410976943408e-05
1.189999999999999947e+00,2.974497974132024359e-05
1.199999999999999956e+00,3.182252051435317157e-05
1.209999999999999964e+00,3.313589315189395610e-05
1.219999999999999973e+00,3.363556130631200323e-05
1.229999999999999982e+00,3.333938322082194487e-05
1.239999999999999991e+00,3.233337923614850346e-05
1.250000000000000000e+00,3.076634767781306326e-05
1.260000000000000009e+00,2.883819488926709561e-05
1.270000000000000018e+00,2.678277102409354501e-05
1.280000000000000027e+00,2.484692109949578496e-05
1.290000000000000036e+00,2.303079671151443385e-05
1.300000000000000044e+00,2.140071216428166006e-05
1.310000000000000053e+00,2.003444210734612598e-05
1.320000000000000062e+00,1.900032749879472657e-05
1.330000000000000071e+00,1.835705867844640351e-05
1.340000000000000080e+00,1.814703572367930534e-05
1.350000000000000089e+00,1.838501889489343625e-05
1.360000000000000098e+00,1.904620609719179309e-05
1.370000000000000107e+00,2.005874919551628750e-05
1.380000000000000115e+00,2.121033783550218651e-05
1.390000000000000124e+00,2.218855087663626716e-05
1.400000000000000133e+00,2.293439596552367287e-05
1.409999999999999920e+00,2.341274913675796303e-05
1.419999999999999929e+00,2.361728449416127920e-05
1.429999999999999938e+00,2.357354539772701425e-05
1.439999999999999947e+00,2.333953189557548444e-05
1.449999999999999956e+00,2.300319817993882898e-05
1.459999999999999964e+00,2.267648913416876055e-05
1.469999999999999973e+00,2.248599771565485029e-05
1.479999999999999982e+00,2.256090483966996806e-05
1.489999999999999991e+00,2.301942750241394947e-05
1.500000000000000000e+00,2.395539813448170554e-05
1.510000000000000009e+00,2.542671674316237650e-05
1.520000000000000018e+00,2.744721809091578296e-05
1.530000000000000027e+00,2.998302228634545187e-05
1.540000000000000036e+00,3.295379876851953622e-05
1.550000000000000044e+00,3.623871248175875248e-05
1.560000000000000053e+00,3.968626862557435254e-05
1.570000000000000062e+00,4.312691467580496627e-05
1.580000000000000071e+00,4.638711839977144758e-05
1.590000000000000080e+00,4.930368260216442736e-05
1.600000000000000089e+00,5.173720826880367487e-05
1.610000000000000098e+00,5.358380004835165624e-05
1.620000000000000107e+00,5.478426616794358425e-05
1.630000000000000115e+00,5.533018373916482718e-05
1.640000000000000124e+00,5.526630490003708494e-05
1.650000000000000133e+00,5.468891790768321405e-05
1.660000000000000142e+00,5.373999706054349824e-05
1.669999999999999929e+00,5.259729701117598022e-05
1.679999999999999938e+00,5.124353368650417297e-05
1.689999999999999947e+00,4.959351281022969597e-05
1.699999999999999956e+00,4.767605314264658305e-05
1.709999999999999964e+00,4.556652204291463803e-05
1.719999999999999973e+00,4.339018701209277208e-05
1.729999999999999982e+00,4.130884296324594370e-05
1.739999999999999991e+00,3.949338727565314546e-05
1.750000000000000000e+00,3.808987052807388921e-05
1.760000000000000009e+00,3.718881351725794972e-05
1.770000000000000018e+00,3.680660932757142426e-05
1.780000000000000027e+00,3.651458040737568786e-05
1.790000000000000036e+00,3.628413799785801399e-05
1.800000000000000044e+00,3.615802835092729334e-05
1.810000000000000053e+00,3.618315526575802344e-05
1.820000000000000062e+00,3.640982011544672111e-05
1.830000000000000071e+00,3.689022332867648239e-05
1.840000000000000080e+00,3.767626557190642875e-05
1.850000000000000089e+00,3.881669492282069925e-05
1.860000000000000098e+00,4.035366065221092770e-05
1.870000000000000107e+00,4.231878579758597365e-05
1.880000000000000115e+00,4.472896988644047754e-05
1.890000000000000124e+00,4.758226681059084592e-05
1.900000000000000133e+00,5.085431695145605234e-05
1.910000000000000142e+00,5.449590270766352162e-05
1.919999999999999929e+00,5.843220197895308609e-05
1.929999999999999938e+00,6.256421183887127984e-05
1.939999999999999947e+00,6.677260736237143265e-05
1.949999999999999956e+00,7.092401796555590986e-05
1.959999999999999964e+00,7.487939121462747834e-05
1.969999999999999973e+00,7.850382798387475802e-05
1.979999999999999982e+00,8.167706150442848717e-05
1.989999999999999991e+00,8.430364369924014630e-05
2.000000000000000000e+00,8.632190428901807225e-05
2.010000000000000231e+00,8.771084737544139324e-05
2.020000000000000018e+00,8.849432076697284874e-05
2.030000000000000249e+00,8.874200594196372989e-05
2.040000000000000036e+00,8.856700691395295194e-05
2.049999999999999822e+00,8.812004944897188451e-05
2.060000000000000053e+00,8.758053206065146248e-05
2.069999999999999840e+00,8.665056110281063660e-05
2.080000000000000071e+00,8.518743637993172460e-05
2.089999999999999858e+00,8.312707435704346371e-05
2.100000000000000089e+00,8.050410704039426236e-05
2.109999999999999876e+00,7.746043537328738289e-05
2.120000000000000107e+00,7.422383908274020347e-05
2.129999999999999893e+00,7.106248821975817828e-05
2.140000000000000124e+00,6.822872779505248010e-05
2.149999999999999911e+00,6.590841080288303681e-05
2.160000000000000142e+00,6.417420308894671412e-05
2.169999999999999929e+00,6.241956619870800849e-05
2.180000000000000160e+00,6.081523145015416045e-05
2.189999999999999947e+00,5.953466768490969676e-05
2.200000000000000178e+00,5.874523955425115852e-05
2.209999999999999964e+00,5.859929636848507735e-05
2.220000000000000195e+00,5.922556847239860615e-05
2.229999999999999982e+00,6.072135376995089839e-05
2.240000000000000213e+00,6.314597686736868624e-05
2.250000000000000000e+00,6.651596457813293911e-05
2.260000000000000231e+00,7.080230665771845551e-05
2.270000000000000018e+00,7.593006734669676837e-05
2.280000000000000249e+00,8.178049188379075800e-05
2.290000000000000036e+00,8.819562243584940875e-05
2.300000000000000266e+00,9.498530701531818351e-05
2.310000000000000053e+00,1.019363567185965368e-04
2.319999999999999840e+00,1.088234824012235117e-04
2.330000000000000071e+00,1.154215230069508631e-04
2.339999999999999858e+00,1.215183705549298371e-04
2.350000000000000089e+00,1.269278921698783525e-04
2.359999999999999876e+00,1.315020803776594460e-04
2.370000000000000107e+00,1.351416312217304017e-04
2.379999999999999893e+00,1.378041686239731261e-04
2.390000000000000124e+00,1.395094121057719339e-04
2.399999999999999911e+00,1.403407267756191258e-04
2.410000000000000142e+00,1.404426949511783991e-04
2.419999999999999929e+00,1.400145960108606380e-04
2.430000000000000160e+00,1.392999572203375356e-04
2.439999999999999947e+00,1.385726220011278503e-04
2.450000000000000178e+00,1.375182689595786691e-04
2.459999999999999964e+00,1.358393109599765301e-04
2.470000000000000195e+00,1.333637100020660141e-04
2.479999999999999982e+00,1.300569155649364771e-04
2.490000000000000213e+00,1.260480231900384007e-04
2.500000000000000000e+00,1.216097516015464836e-04
2.510000000000000231e+00,1.170983954949394063e-04
2.520000000000000018e+00,1.128724514227731987e-04
2.530000000000000249e+00,1.092145112254623823e-04
2.540000000000000036e+00,1.062787220202951563e-04
2.550000000000000266e+00,1.033507405524234117e-04
2.560000000000000053e+00,1.004980203547514662e-04
2.569999999999999840e+00,9.802439053558228900e-05
2.580000000000000071e+00,9.623236616254664992e-05
2.589999999999999858e+00,9.540489995587453549e-05
2.600000000000000089e+00,9.578750205969643872e-05
2.609999999999999876e+00,9.757183575202829759e-05
2.620000000000000107e+00,1.008818767611293135e-04
2.629999999999999893e+00,1.057636149667063122e-04
2.640000000000000124e+00,1.121791018874755322e-04
2.649999999999999911e+00,1.200054128821000646e-04
2.660000000000000142e+00,1.290388110220479342e-04
2.669999999999999929e+00,1.390040855357199180e-04
2.680000000000000160e+00,1.495687099893404468e-04
2.689999999999999947e+00,1.603611443392327911e-04
2.700000000000000178e+00,1.709923116849437156e-04
2.709999999999999964e+00,1.810790361827897886e-04
2.720000000000000195e+00,1.902680560302222388e-04
2.729999999999999982e+00,1.982591090129333107e-04
2.740000000000000213e+00,2.048255840755965681e-04
2.750000000000000000e+00,2.098313218873024610e-04
2.760000000000000231e+00,2.132423301755578902e-04
2.770000000000000018e+00,2.151324487635753043e-04
2.780000000000000249e+00,2.156823418783105728e-04
2.790000000000000036e+00,2.151715928786832987e-04
2.800000000000000266e+00,2.139641063408677249e-04
2.810000000000000053e+00,2.124874587177337472e-04
2.819999999999999840e+00,2.108667969861821926e-04
2.830000000000000071e+00,2.085617290360947693e-04
2.839999999999999858e+00,2.052586340560965186e-04
2.850000000000000089e+00,2.008004331401424885e-04
2.859999999999999876e+00,1.952569036826580983e-04
2.870000000000000107e+00,1.889299425677574669e-04
2.879999999999999893e+00,1.822915991121083464e-04
2.890000000000000124e+00,1.758745142592349313e-04
2.899999999999999911e+00,1.701488478208771271e-04
2.910000000000000142e+00,1.654224648048408051e-04
2.919999999999999929e+00,1.614908617382538887e-04
2.930000000000000160e+00,1.574565741252530540e-04
2.939999999999999947e+00,1.537418516119260967e-04
2.950000000000000178e+00,1.507797695080791655e-04
2.959999999999999964e+00,1.489881328809349785e-04
2.970000000000000195e+00,1.487430479890922824e-04
2.979999999999999982e+00,1.503536964864662538e-04
2.990000000000000213e+00,1.540400157694743043e-04
3.000000000000000000e+00,1.599148974255139614e-04
3.010000000000000231e+00,1.679723097254849076e-04
3.020000000000000018e+00,1.780824360452561161e-04
3.030000000000000249e+00,1.899945143594072774e-04
3.040000000000000036e+00,2.033475870755394575e-04
3.050000000000000266e+00,2.176888556296396838e-04
3.060000000000000053e+00,2.324988148291887776e-04
3.070000000000000284e+00,2.472218537403917467e-04
3.080000000000000071e+00,2.613005884093107050e-04
3.089999999999999858e+00,2.742118768465055681e-04
3.100000000000000089e+00,2.855022361420718035e-04
3.109999999999999876e+00,2.948203151849212392e-04
3.120000000000000107e+00,3.019441623866532857e-04
3.129999999999999893e+00,3.068012613707810218e-04
3.140000000000000124e+00,3.094796820855523012e-04
3.149999999999999911e+00,3.102291945287443233e-04
3.160000000000000142e+00,3.094517920454722070e-04
3.169999999999999929e+00,3.076817377953947898e-04
3.180000000000000160e+00,3.055559416152732726e-04
3.189999999999999947e+00,3.028999171117735425e-04
3.200000000000000178e+00,2.990806026411559071e-04
3.209999999999999964e+00,2.936915634589719760e-04
3.220000000000000195e+00,2.865900935581295922e-04
3.229999999999999982e+00,2.779786778999983571e-04
3.240000000000000213e+00,2.683867912523264787e-04
3.250000000000000000e+00,2.585580768870469545e-04
3.260000000000000231e+00,2.492783320501897200e-04
3.270000000000000018e+00,2.411972052873592026e-04
3.280000000000000249e+00,2.346960406533036712e-04
3.290000000000000036e+00,2.291588766138894190e-04
3.300000000000000266e+00,2.237172531452238174e-04
3.310000000000000053e+00,2.189729752849251974e-04
3.320000000000000284e+00,2.155190789307476066e-04
3.330000000000000071e+00,2.139032280337047271e-04
3.339999999999999858e+00,2.145922415728539190e-04
3.350000000000000089e+00,2.179398989354006469e-04
3.359999999999999876e+00,2.241602713254054163e-04
3.370000000000000107e+00,2.333086000405272986e-04
3.379999999999999893e+00,2.452713708214840100e-04
3.390000000000000124e+00,2.597667312453979800e-04
3.399999999999999911e+00,2.763557891431067020e-04
3.410000000000000142e+00,2.944646475295454235e-04
3.419999999999999929e+00,3.134163169654061881e-04
3.430000000000000160e+00,3.324709468235698172e-04
3.439999999999999947e+00,3.508721823986625369e-04
3.450000000000000178e+00,3.678969474231390084e-04
3.459999999999999964e+00,3.829055652211445812e-04
3.470000000000000195e+00,3.953889236157011084e-04
3.479999999999999982e+00,4.050094301602933560e-04
3.490000000000000213e+00,4.116327465999099254e-04
3.500000000000000000e+00,4.153477405174864075e-04
3.510000000000000231e+00,4.164727277142708751e-04
3.520000000000000018e+00,4.155468694025840864e-04
3.530000000000000249e+00,4.133064918866799910e-04
3.540000000000000036e+00,4.106470629444566541e-04
3.550000000000000266e+00,4.069949226784643262e-04
3.560000000000000053e+00,4.015933900589101408e-04
3.570000000000000284e+00,3.938806302430903987e-04
3.580000000000000071e+00,3.836975774275863866e-04
3.589999999999999858e+00,3.713895062368627775e-04
3.600000000000000089e+00,3.577617586663401511e-04
3.609999999999999876e+00,3.439030598162471199e-04
3.620000000000000107e+00,3.309320334654184065e-04
3.629999999999999893e+00,3.197446598545964800e-04
3.640000000000000124e+00,3.108363957909079044e-04
3.649999999999999911e+00,3.033379881265660708e-04
3.660000000000000142e+00,2.961447426613004336e-04
3.669999999999999929e+00,2.900966608995623943e-04
3.680000000000000160e+00,2.859893558882768043e-04
3.689999999999999947e+00,2.845235381325709610e-04
3.700000000000000178e+00,2.862585390863598171e-04
3.709999999999999964e+00,2.915728016007438240e-04
3.720000000000000195e+00,3.006342477131015859e-04
3.729999999999999982e+00,3.133829525312360862e-04
3.740000000000000213e+00,3.295278852403988115e-04
3.750000000000000000e+00,3.485586582082632898e-04
3.760000000000000231e+00,3.697722983423308574e-04
3.770000000000000018e+00,3.923140763878688476e-04
3.780000000000000249e+00,4.152304613490388806e-04
3.790000000000000036e+00,4.375313729675391864e-04
3.800000000000000266e+00,4.582581599365546303e-04
3.810000000000000053e+00,4.765531775375870648e-04
3.820000000000000284e+00,4.917264360489630518e-04
3.830000000000000071e+00,5.033147702407067591e-04
3.839999999999999858e+00,5.111292237295898995e-04
3.850000000000000089e+00,5.152868717799912943e-04
3.859999999999999876e+00,5.162241045616607852e-04
3.870000000000000107e+00,5.146894237926896666e-04
3.879999999999999893e+00,5.117150171775098916e-04
3.890000000000000124e+00,5.081550232974543953e-04
3.899999999999999911e+00,5.030657123779624148e-04
3.910000000000000142e+00,4.954554297264822686e-04
3.919999999999999929e+00,4.846654681445478757e-04
3.930000000000000160e+00,4.706285467742219895e-04
3.939999999999999947e+00,4.539602112978098126e-04
3.950000000000000178e+00,4.358515909696858513e-04
3.959999999999999964e+00,4.177975165286501721e-04
3.970000000000000195e+00,4.012456360653189570e-04
3.979999999999999982e+00,3.872734546633257503e-04
3.990000000000000213e+00,3.763861754179396524e-04
4.000000000000000000e+00,3.671656748080266491e-04
4.009999999999999787e+00,3.586107840354368177e-04
4.020000000000000462e+00,3.517773505212981881e-04
4.030000000000000249e+00,3.476060824876266793e-04
4.040000000000000036e+00,3.468612143845607883e-04
4.049999999999999822e+00,3.500787735790694861e-04
4.060000000000000497e+00,3.575279934175865895e-04
4.070000000000000284e+00,3.691890589806620616e-04
4.080000000000000071e+00,3.847494659830491700e-04
4.089999999999999858e+00,4.036201676241437742e-04
4.099999999999999645e+00,4.249714428245754644e-04
4.110000000000000320e+00,4.477871186123517119e-04
4.120000000000000107e+00,4.709345032929600433e-04
4.129999999999999893e+00,4.932462208742640014e-04
4.139999999999999680e+00,5.136091817626927281e-04
4.150000000000000355e+00,5.310552121811839762e-04
4.160000000000000142e+00,5.448473630692425270e-04
4.169999999999999929e+00,5.545559191608502754e-04
4.179999999999999716e+00,5.601184623201821032e-04
4.190000000000000391e+00,5.618790413964001342e-04
4.200000000000000178e+00,5.606025417172903801e-04
4.209999999999999964e+00,5.574616876748506381e-04
4.219999999999999751e+00,5.536057325963791593e-04
4.230000000000000426e+00,5.481057590185388958e-04
4.240000000000000213e+00,5.396838202160534996e-04
4.250000000000000000e+00,5.274133370861209657e-04
4.259999999999999787e+00,5.110692155494687451e-04
4.270000000000000462e+00,4.912807409700361682e-04
4.280000000000000249e+00,4.694350898462214261e-04
4.290000000000000036e+00,4.473622134918332923e-04
4.299999999999999822e+00,4.269011397279354777e-04
4.310000000000000497e+00,4.094811361168660476e-04
4.320000000000000284e+00,3.958399577791638026e-04
4.330000000000000071e+00,3.859515792480439447e-04
4.339999999999999858e+00,3.766024423734464920e-04
4.350000000000000533e+00,3.689700232037922264e-04
4.360000000000000320e+00,3.640496152222598794e-04
4.370000000000000107e+00,3.625727730515159461e-04
4.379999999999999893e+00,3.649613512362912091e-04
4.389999999999999680e+00,3.713020052139608313e-04
4.400000000000000355e+00,3.813438738760136773e-04
4.410000000000000142e+00,3.945207507773447367e-04
4.419999999999999929e+00,4.099974745309434006e-04
4.429999999999999716e+00,4.267386316961063590e-04
4.440000000000000391e+00,4.435960762406841620e-04
4.450000000000000178e+00,4.594103373115090137e-04
4.459999999999999964e+00,4.731198430516721817e-04
4.469999999999999751e+00,4.838710215543775076e-04
4.480000000000000426e+00,4.911218130303811541e-04
4.490000000000000213e+00,4.947311932296315044e-04
4.500000000000000000e+00,4.950277846706038721e-04
4.509999999999999787e+00,4.928515491250339518e-04
4.520000000000000462e+00,4.895792714125771694e-04
4.530000000000000249e+00,4.854500558940582711e-04
4.540000000000000036e+00,4.790419487866221676e-04
4.549999999999999822e+00,4.690143383972596148e-04
4.560000000000000497e+00,4.545711392496663990e-04
4.570000000000000284e+00,4.357838320149147807e-04
4.580000000000000071e+00,4.136640983120269243e-04
4.589999999999999858e+00,3.899612517452754256e-04
4.600000000000000533e+00,3.667498550130407638e-04
4.610000000000000320e+00,3.459376847138201394e-04
4.620000000000000107e+00,3.288434049944789750e-04
4.629999999999999893e+00,3.159638822643449658e-04
4.639999999999999680e+00,3.069841990911979009e-04
4.650000000000000355e+00,2.993508549745051324e-04
4.660000000000000142e+00,2.935226402690094142e-04
4.669999999999999929e+00,2.901581650788976501e-04
4.679999999999999716e+00,2.895277023629316848e-04
4.690000000000000391e+00,2.915214198844538014e-04
4.700000000000000178e+00,2.956893890972041306e-04
4.709999999999999964e+00,3.013120532107226978e-04
4.719999999999999751e+00,3.074977242072575315e-04
4.730000000000000426e+00,3.133016230196552761e-04
4.740000000000000213e+00,3.178592197488746759e-04
4.750000000000000000e+00,3.205253287746868355e-04
4.759999999999999787e+00,3.210094686077517531e-04
4.770000000000000462e+00,3.194977676902544320e-04
4.780000000000000249e+00,3.167824215530750439e-04
4.790000000000000036e+00,3.140094834286319457e-04
4.799999999999999822e+00,3.100778979036607316e-04
4.810000000000000497e+00,3.036730512467500798e-04
4.820000000000000284e+00,2.936885578858866954e-04
4.830000000000000071e+00,2.796202366405523779e-04
4.839999999999999858e+00,2.617962924032450752e-04
4.850000000000000533e+00,2.413654190497439649e-04
4.860000000000000320e+00,2.200461297821207330e-04
4.870000000000000107e+00,1.997177379000875488e-04
4.879999999999999893e+00,1.819807284985955299e-04
4.889999999999999680e+00,1.678177941629813987e-04
4.900000000000000355e+00,1.574482998882942113e-04
4.910000000000000142e+00,1.504022151030257244e-04
4.919999999999999929e+00,1.457689041193712255e-04
4.929999999999999716e+00,1.423425408481116038e-04
4.940000000000000391e+00,1.398503407299577688e-04
4.950000000000000178e+00,1.380199155417238084e-04
4.959999999999999964e+00,1.363666788461054291e-04
4.969999999999999751e+00,1.343831898879132723e-04
4.980000000000000426e+00,1.317519738241395926e-04
4.990000000000000213e+00,1.293405542716688234e-04
5.000000000000000000e+00,1.270857690006743982e-04
5.009999999999999787e+00,1.245538350451187303e-04
5.020000000000000462e+00,1.210318752182395574e-04
5.030000000000000249e+00,1.157191762005616226e-04
5.040000000000000036e+00,1.079826150378156364e-04
5.049999999999999822e+00,9.758665062015293805e-05
5.060000000000000497e+00,8.481808843545515309e-05
5.070000000000000284e+00,7.046227495687691861e-05
5.080000000000000071e+00,5.563698074696314812e-05
5.089999999999999858e+00,4.153584215777998267e-05
5.100000000000000533e+00,2.915994077330810199e-05
5.110000000000000320e+00,1.911614105438407934e-05
5.120000000000000107e+00,1.153580240229708641e-05
5.129999999999999893e+00,6.126487005810418146e-06
5.139999999999999680e+00,2.327051176418715544e-06
5.150000000000000355e+00,-4.930877574425174805e-07
5.160000000000000142e+00,-2.857813530537966016e-06
5.169999999999999929e+00,-5.084033211984647246e-06
5.179999999999999716e+00,-7.279190106941103595e-06
5.190000000000000391e+00,-9.422894611873689985e-06
5.200000000000000178e+00,-1.149087399271840428e-05
5.209999999999999964e+00,-1.356777200803899743e-05
5.219999999999999751e+00,-1.590298470125913228e-05
5.230000000000000426e+00,-1.888698041916853752e-05
5.240000000000000213e+00,-2.295559182926273434e-05
5.250000000000000000e+00,-2.845590813260760385e-05
5.259999999999999787e+00,-3.552088435184347663e-05
5.270000000000000462e+00,-4.399661726829905964e-05
5.280000000000000249e+00,-5.344823818623706458e-05
5.290000000000000036e+00,-6.324425254027636275e-05
5.299999999999999822e+00,-7.269399207635395921e-05
5.310000000000000497e+00,-8.119692441071262273e-05
5.320000000000000284e+00,-8.836066200836685449e-05
5.330000000000000071e+00,-9.405639932996455791e-05
5.339999999999999858e+00,-9.840177448933121066e-05
5.350000000000000533e+00,-1.016841609661763257e-04
5.360000000000000320e+00,-1.042545307561835186e-04
5.370000000000000107e+00,-1.064280941176868071e-04
5.379999999999999893e+00,-1.084217059888424573e-04
5.389999999999999680e+00,-1.103424818401071289e-04
5.400000000000000355e+00,-1.122230425659356525e-04
5.410000000000000142e+00,-1.140829374974356629e-04
5.419999999999999929e+00,-1.159882147820585815e-04
5.429999999999999716e+00,-1.180838368572402307e-04
5.440000000000000391e+00,-1.205851231110420432e-04
5.450000000000000178e+00,-1.237302029943233459e-04
5.459999999999999964e+00,-1.277099119637770575e-04
5.469999999999999751e+00,-1.325997601825712512e-04
5.480000000000000426e+00,-1.383180285827916099e-04
5.490000000000000213e+00,-1.446252710917165715e-04
5.500000000000000000e+00,-1.511668280909344154e-04
5.509999999999999787e+00,-1.575461602919023360e-04
5.520000000000000462e+00,-1.634074689523710110e-04
5.530000000000000249e+00,-1.685040419209110087e-04
5.540000000000000036e+00,-1.727342889379161175e-04
5.549999999999999822e+00,-1.761383909477681634e-04
5.560000000000000497e+00,-1.788609533223540604e-04
5.570000000000000284e+00,-1.810948698840084646e-04
5.580000000000000071e+00,-1.830257616577225322e-04
5.589999999999999858e+00,-1.847938985195762514e-04
5.600000000000000533e+00,-1.864827431032246461e-04
5.610000000000000320e+00,-1.881331522896304736e-04
5.620000000000000107e+00,-1.897733892624393806e-04
5.629999999999999893e+00,-1.914503500400087431e-04
5.639999999999999680e+00,-1.932481231198490907e-04
5.650000000000000355e+00,-1.952855935727044545e-04
5.660000000000000142e+00,-1.976930634822972245e-04
5.669999999999999929e+00,-2.005757949033169535e-04
5.679999999999999716e+00,-2.039772676109280892e-04
5.690000000000000391e+00,-2.078552376809718360e-04
5.700000000000000178e+00,-2.120794729877032846e-04
5.709999999999999964e+00,-2.164529303878619747e-04
5.719999999999999751e+00,-2.207506234779101409e-04
5.730000000000000426e+00,-2.247650180175195310e-04
5.740000000000000213e+00,-2.283451713553755777e-04
5.750000000000000000e+00,-2.314193207706972098e-04
5.759999999999999787e+00,-2.339962332916207361e-04
5.770000000000000462e+00,-2.361473428383373372e-04
5.780000000000000249e+00,-2.379772702544650218e-04
5.790000000000000036e+00,-2.395930220853890135e-04
5.799999999999999822e+00,-2.410813233980496368e-04
5.810000000000000497e+00,-2.424997016440304709e-04
5.820000000000000284e+00,-2.438816031283165683e-04
5.830000000000000071e+00,-2.452508885098795199e-04
5.839999999999999858e+00,-2.466381546811884096e-04
5.850000000000000533e+00,-2.480913096051439110e-04
5.860000000000000320e+00,-2.496755051147318176e-04
5.870000000000000107e+00,-2.514618239480141703e-04
5.879999999999999893e+00,-2.535084482222503305e-04
5.889999999999999680e+00,-2.558409056043783967e-04
5.900000000000000355e+00,-2.584384704349883765e-04
5.910000000000000142e+00,-2.612318203269773601e-04
5.919999999999999929e+00,-2.641133780904165161e-04
5.929999999999999716e+00,-2.669577006013565098e-04
5.940000000000000391e+00,-2.696461772556534736e-04
5.950000000000000178e+00,-2.720891502462389967e-04
5.959999999999999964e+00,-2.742396406666613388e-04
5.969999999999999751e+00,-2.760957086712252369e-04
5.980000000000000426e+00,-2.776920687937110268e-04
5.990000000000000213e+00,-2.790847125080227697e-04
6.000000000000000000e+00,-2.803339798580119094e-04
6.009999999999999787e+00,-2.814913268181160055e-04
6.020000000000000462e+00,-2.825931623553015488e-04
6.030000000000000249e+00,-2.836623275116988683e-04
6.040000000000000036e+00,-2.847150644682024784e-04
6.049999999999999822e+00,-2.857695883784672122e-04
6.060000000000000497e+00,-2.868521468419695571e-04
6.070000000000000284e+00,-2.879977082435258525e-04
6.080000000000000071e+00,-2.892446351413959361e-04
6.089999999999999858e+00,-2.906250504936230936e-04
6.100000000000000533e+00,-2.921542697457594020e-04
6.110000000000000320e+00,-2.938231041735922468e-04
6.120000000000000107e+00,-2.955959402533079976e-04
6.129999999999999893e+00,-2.974156220185421263e-04
6.140000000000000568e+00,-2.992139763628709741e-04
6.150000000000000355e+00,-3.009250650054578948e-04
6.160000000000000142e+00,-3.024974831203034614e-04
6.169999999999999929e+00,-3.039024543043673376e-04
6.179999999999999716e+00,-3.051358995688523493e-04
6.190000000000000391e+00,-3.062145677011813313e-04
6.200000000000000178e+00,-3.071680584548320365e-04
6.209999999999999964e+00,-3.080295977873719862e-04
6.219999999999999751e+00,-3.088284547145939726e-04
6.230000000000000426e+00,-3.095859881177264470e-04
6.240000000000000213e+00,-3.103158482008117514e-04
6.250000000000000000e+00,-3.110273617545547130e-04
6.259999999999999787e+00,-3.117301077270104434e-04
6.270000000000000462e+00,-3.124374516815710419e-04
6.280000000000000249e+00,-3.131673815196461081e-04
6.290000000000000036e+00,-3.139401227149983932e-04
6.299999999999999822e+00,-3.147732825166268088e-04
6.310000000000000497e+00,-3.156762305998967399e-04
6.320000000000000284e+00,-3.166457502796827844e-04
6.330000000000000071e+00,-3.176646023984359838e-04
6.339999999999999858e+00,-3.187036939721880793e-04
6.350000000000000533e+00,-3.197273768967028766e-04
6.360000000000000320e+00,-3.207004164849186988e-04
6.370000000000000107e+00,-3.215946842491088954e-04
6.379999999999999893e+00,-3.223937800819496940e-04
6.390000000000000568e+00,-3.230944971607181996e-04
6.400000000000000355e+00,-3.237050500725790906e-04
6.410000000000000142e+00,-3.242409491672291338e-04
6.419999999999999929e+00,-3.247200148229931150e-04
6.429999999999999716e+00,-3.251581114150863916e-04
6.440000000000000391e+00,-3.255667532968053112e-04
6.450000000000000178e+00,-3.259529737287026078e-04
6.459999999999999964e+00,-3.263210304778659671e-04
6.469999999999999751e+00,-3.266749263987998994e-04
6.480000000000000426e+00,-3.270205342329872444e-04
6.490000000000000213e+00,-3.273663676672327553e-04
6.500000000000000000e+00,-3.277226194818811202e-04
6.509999999999999787e+00,-3.280987724420965888e-04
6.520000000000000462e+00,-3.285006362579473860e-04
6.530000000000000249e+00,-3.289278911888629574e-04
6.540000000000000036e+00,-3.293730610042849491e-04
6.549999999999999822e+00,-3.298223642392802447e-04
6.560000000000000497e+00,-3.302582756542933855e-04
6.570000000000000284e+00,-3.306630821533924620e-04
6.580000000000000071e+00,-3.310224185311844711e-04
6.589999999999999858e+00,-3.313278057453743057e-04
6.600000000000000533e+00,-3.315775602297085442e-04
6.610000000000000320e+00,-3.317759691999258012e-04
6.620000000000000107e+00,-3.319311527894572918e-04
6.629999999999999893e+00,-3.320523892747664452e-04
6.640000000000000568e+00,-3.321477609062033101e-04
6.650000000000000355e+00,-3.322227779528943428e-04
6.660000000000000142e+00,-3.322802436416554179e-04
6.669999999999999929e+00,-3.323211776225358256e-04
6.679999999999999716e+00,-3.323462722384759225e-04
6.690000000000000391e+00,-3.323572219017856049e-04
6.700000000000000178e+00,-3.323573715950779803e-04
6.709999999999999964e+00,-3.323514236779053031e-04
6.719999999999999751e+00,-3.323443102997060568e-04
6.730000000000000426e+00,-3.323396505661622654e-04
6.740000000000000213e+00,-3.323383625679077733e-04
6.750000000000000000e+00,-3.323379461974493168e-04
6.759999999999999787e+00,-3.323327210053109724e-04
6.770000000000000462e+00,-3.323149804977259289e-04
6.780000000000000249e+00,-3.322767230433097425e-04
6.790000000000000036e+00,-3.322114399834410190e-04
6.799999999999999822e+00,-3.321154379581405794e-04
6.810000000000000497e+00,-3.319883379925104650e-04
6.820000000000000284e+00,-3.318326661124478645e-04
6.830000000000000071e+00,-3.316527343995950535e-04
6.839999999999999858e+00,-3.314532142309787135e-04
6.850000000000000533e+00,-3.312378639082378751e-04
6.860000000000000320e+00,-3.310087804681464767e-04
6.870000000000000107e+00,-3.307663407485291352e-04
6.879999999999999893e+00,-3.305097548559230380e-04
6.890000000000000568e+00,-3.302379586096948136e-04
6.900000000000000355e+00,-3.299504824446264275e-04
6.910000000000000142e+00,-3.296479748640333265e-04
6.919999999999999929e+00,-3.293322062566965067e-04
6.929999999999999716e+00,-3.290055766404354322e-04
6.940000000000000391e+00,-3.286703281816706233e-04
6.950000000000000178e+00,-3.283277608767755959e-04
6.959999999999999964e+00,-3.279777387178428312e-04
6.969999999999999751e+00,-3.276186635348714228e-04
6.980000000000000426e+00,-3.272479270408034627e-04
6.990000000000000213e+00,-3.268626877653095226e-04
7.000000000000000000e+00,-3.264607138838166323e-04
7.009999999999999787e+00,-3.260410183285003430e-04
7.020000000000000462e+00,-3.256040896952405554e-04
7.030000000000000249e+00,-3.251516613771447597e-04
7.040000000000000036e+00,-3.246861129080062694e-04
7.049999999999999822e+00,-3.242097109639796365e-04
7.060000000000000497e+00,-3.237239374806785805e-04
7.070000000000000284e+00,-3.232291097911863063e-04
7.080000000000000071e+00,-3.227243912942936608e-04
7.089999999999999858e+00,-3.222081596273715311e-04
7.100000000000000533e+00,-3.216785873428205304e-04
7.110000000000000320e+00,-3.211342331650192936e-04
7.120000000000000107e+00,-3.205744550945677273e-04
7.129999999999999893e+00,-3.199995307752313400e-04
7.140000000000000568e+00,-3.194104769011928049e-04
7.150000000000000355e+00,-3.188086603137351826e-04
7.160000000000000142e+00,-3.181953554135705481e-04
7.169999999999999929e+00,-3.175714073736650737e-04
7.179999999999999716e+00,-3.169371105236713153e-04
7.190000000000000391e+00,-3.162923267555045712e-04
7.200000000000000178e+00,-3.156367808401757736e-04
7.209999999999999964e+00,-3.149704084993410445e-04
7.219999999999999751e+00,-3.142936184720605602e-04
7.230000000000000426e+00,-3.136073643924624198e-04
7.240000000000000213e+00,-3.129129919977536234e-04
7.250000000000000000e+00,-3.122119067680337160e-04
7.259999999999999787e+00,-3.115051692076468699e-04
7.270000000000000462e+00,-3.107931494271600078e-04
7.280000000000000249e+00,-3.100753528548423382e-04
7.290000000000000036e+00,-3.093504732063518813e-04
7.299999999999999822e+00,-3.086166571368625586e-04
7.310000000000000497e+00,-3.078719013880907218e-04
7.320000000000000284e+00,-3.071144678401973964e-04
7.330000000000000071e+00,-3.063432044012545392e-04
7.339999999999999858e+00,-3.055576968202223750e-04
7.350000000000000533e+00,-3.047582339176788720e-04
7.360000000000000320e+00,-3.039456263122968026e-04
7.370000000000000107e+00,-3.031209577331209302e-04
7.379999999999999893e+00,-3.022853571920917784e-04
7.390000000000000568e+00,-3.014398591267315871e-04
7.400000000000000355e+00,-3.005853768039343232e-04
7.410000000000000142e+00,-2.997227677944486125e-04
7.419999999999999929e+00,-2.988529356917233259e-04
7.429999999999999716e+00,-2.979769008612584555e-04
7.440000000000000391e+00,-2.970957876061810533e-04
7.450000000000000178e+00,-2.962107093363713635e-04
7.459999999999999964e+00,-2.953225743080905479e-04
7.469999999999999751e+00,-2.944318676457021930e-04
7.480000000000000426e+00,-2.935384793218434271e-04
7.490000000000000213e+00,-2.926416381443365869e-04
7.500000000000000000e+00,-2.917399822508310800e-04
7.509999999999999787e+00,-2.908317573034845376e-04
7.520000000000000462e+00,-2.899150974504241052e-04
7.530000000000000249e+00,-2.889883225048909079e-04
7.540000000000000036e+00,-2.880501837548585871e-04
7.549999999999999822e+00,-2.871000094490666231e-04
7.560000000000000497e+00,-2.861377321852595808e-04
7.570000000000000284e+00,-2.851638134820113604e-04
7.580000000000000071e+00,-2.841791052661368083e-04
7.589999999999999858e+00,-2.831846970045486596e-04
7.600000000000000533e+00,-2.821817895252003725e-04
7.610000000000000320e+00,-2.811716166182340478e-04
7.620000000000000107e+00,-2.801554114342139860e-04
7.629999999999999893e+00,-2.791343954072959366e-04
7.640000000000000568e+00,-2.781097594855037468e-04
7.650000000000000355e+00,-2.770826129969132675e-04
7.660000000000000142e+00,-2.760538917497605766e-04
7.669999999999999929e+00,-2.750242375286460726e-04
7.679999999999999716e+00,-2.739938782898875317e-04
7.690000000000000391e+00,-2.729625457845587895e-04
7.700000000000000178e+00,-2.719294622816400154e-04
7.709999999999999964e+00,-2.708934120714315253e-04
7.719999999999999751e+00,-2.698528916840430675e-04
7.730000000000000426e+00,-2.688063121976927883e-04
7.740000000000000213e+00,-2.677522139796118146e-04
7.750000000000000000e+00,-2.666894523929138954e-04
7.759999999999999787e+00,-2.656173223963934375e-04
7.770000000000000462e+00,-2.645356070486979175e-04
7.780000000000000249e+00,-2.634445540530227473e-04
7.790000000000000036e+00,-2.623447997875666534e-04
7.799999999999999822e+00,-2.612372676428605578e-04
7.810000000000000497e+00,-2.601230657331347180e-04
7.820000000000000284e+00,-2.590034000565944058e-04
7.830000000000000071e+00,-2.578795070447311008e-04
7.839999999999999858e+00,-2.567525989151586891e-04
7.850000000000000533e+00,-2.556238100520900371e-04
7.860000000000000320e+00,-2.544941342965089380e-04
7.870000000000000107e+00,-2.533643504192250586e-04
7.879999999999999893e+00,-2.522349430070080904e-04
7.890000000000000568e+00,-2.511060344880523517e-04
7.900000000000000355e+00,-2.499773476237238286e-04
7.910000000000000142e+00,-2.488482148348713282e-04
7.919999999999999929e+00,-2.477176418393961933e-04
7.930000000000000604e+00,-2.465844208968118114e-04
7.940000000000000391e+00,-2.454472772002117150e-04
7.950000000000000178e+00,-2.443050241619451764e-04
7.959999999999999964e+00,-2.431567017157988718e-04
7.969999999999999751e+00,-2.420016765406987776e-04
7.980000000000000426e+00,-2.408396925838405546e-04
7.990000000000000213e+00,-2.396708714282791875e-04
8.000000000000000000e+00,-2.384956716483888420e-04
8.009999999999999787e+00,-2.373148218659127805e-04
8.019999999999999574e+00,-2.361292428079687336e-04
8.029999999999999361e+00,-2.349399700122775138e-04
8.040000000000000924e+00,-2.337480829377624374e-04
8.050000000000000711e+00,-2.325546406298720638e-04
8.060000000000000497e+00,-2.313606208534853563e-04
8.070000000000000284e+00,-2.301668597371896348e-04
8.080000000000000071e+00,-2.289739920884355912e-04
8.089999999999999858e+00,-2.277823971085113255e-04
8.099999999999999645e+00,-2.265921581928394583e-04
8.109999999999999432e+00,-2.254030469990132390e-04
8.120000000000000995e+00,-2.242145400389309511e-04
8.130000000000000782e+00,-2.230258709495268137e-04
8.140000000000000568e+00,-2.218361146635582115e-04
8.150000000000000355e+00,-2.206442929360120464e-04
8.160000000000000142e+00,-2.194494860400694443e-04
8.169999999999999929e+00,-2.182509342366729325e-04
8.179999999999999716e+00,-2.170481150939336642e-04
8.189999999999999503e+00,-2.158407880592782006e-04
8.199999999999999289e+00,-2.146290042766077488e-04
8.210000000000000853e+00,-2.134130856716724993e-04
8.220000000000000639e+00,-2.121935813417926363e-04
8.230000000000000426e+00,-2.109712105910012717e-04
8.240000000000000213e+00,-2.097468007735667802e-04
8.250000000000000000e+00,-2.085212254173392319e-04
8.259999999999999787e+00,-2.072953451956845367e-04
8.269999999999999574e+00,-2.060699523694231735e-04
8.279999999999999361e+00,-2.048457189568772627e-04
8.290000000000000924e+00,-2.036231500259462815e-04
8.300000000000000711e+00,-2.024025454192476532e-04
8.310000000000000497e+00,-2.011839748811647692e-04
8.320000000000000284e+00,-1.999672719776532403e-04
8.330000000000000071e+00,-1.987520508509244205e-04
8.339999999999999858e+00,-1.975377468209135853e-04
8.349999999999999645e+00,-1.963236778326095508e-04
8.359999999999999432e+00,-1.951091198177053502e-04
8.370000000000000995e+00,-1.938933862817039655e-04
8.380000000000000782e+00,-1.926759016007057227e-04
8.390000000000000568e+00,-1.914562588192843956e-04
8.400000000000000355e+00,-1.902342557823983086e-04
8.410000000000000142e+00,-1.890099073633529027e-04
8.419999999999999929e+00,-1.877834353496576512e-04
8.429999999999999716e+00,-1.865552403528463008e-04
8.439999999999999503e+00,-1.853258614449798214e-04
8.449999999999999289e+00,-1.840959291134494310e-04
8.460000000000000853e+00,-1.828661160120965837e-04
8.470000000000000639e+00,-1.816370885426816866e-04
8.480000000000000426e+00,-1.804094611640411181e-04
8.490000000000000213e+00,-1.791837548832079130e-04
8.500000000000000000e+00,-1.779603616577523403e-04
8.509999999999999787e+00,-1.767395171079139192e-04
8.519999999999999574e+00,-1.755212844884241263e-04
8.529999999999999361e+00,-1.743055527997552771e-04
8.540000000000000924e+00,-1.730920509400438656e-04
8.550000000000000711e+00,-1.718803779418961368e-04
8.560000000000000497e+00,-1.706700469744462417e-04
8.570000000000000284e+00,-1.694605384855656473e-04
8.580000000000000071e+00,-1.682513562206612166e-04
8.589999999999999858e+00,-1.670420793194063263e-04
8.599999999999999645e+00,-1.658324044014139475e-04
8.609999999999999432e+00,-1.646221733165279151e-04
8.620000000000000995e+00,-1.634113846021361066e-04
8.630000000000000782e+00,-1.622001890875338103e-04
8.640000000000000568e+00,-1.609888720033637334e-04
8.650000000000000355e+00,-1.597778250785829280e-04
8.660000000000000142e+00,-1.585675123860455949e-04
8.669999999999999929e+00,-1.573584333295243831e-04
8.679999999999999716e+00,-1.561510854844147837e-04
8.689999999999999503e+00,-1.549459293561612295e-04
8.700000000000001066e+00,-1.537433567445809196e-04
8.710000000000000853e+00,-1.525436643396012543e-04
8.720000000000000639e+00,-1.513470342982086683e-04
8.730000000000000426e+00,-1.501535236125019733e-04
8.740000000000000213e+00,-1.489630638267281130e-04
8.750000000000000000e+00,-1.477754719443750194e-04
8.759999999999999787e+00,-1.465904722032660898e-04
8.769999999999999574e+00,-1.454077269780155589e-04
8.779999999999999361e+00,-1.442268737070460678e-04
8.790000000000000924e+00,-1.430475637660679421e-04
8.800000000000000711e+00,-1.418694988764643695e-04
8.810000000000000497e+00,-1.406924610343281330e-04
8.820000000000000284e+00,-1.395163329854413956e-04
8.830000000000000071e+00,-1.383411077098109011e-04
8.839999999999999858e+00,-1.371668868924912315e-04
8.849999999999999645e+00,-1.359938696470468092e-04
8.859999999999999432e+00,-1.348223336181479637e-04
8.870000000000000995e+00,-1.336526109575862263e-04
8.880000000000000782e+00,-1.324850616213113280e-04
8.890000000000000568e+00,-1.313200461398174811e-04
8.900000000000000355e+00,-1.301578996548894524e-04
8.910000000000000142e+00,-1.289989087329369497e-04
8.919999999999999929e+00,-1.278432923035600075e-04
8.929999999999999716e+00,-1.266911879857340049e-04
8.939999999999999503e+00,-1.255426449391808621e-04
8.950000000000001066e+00,-1.243976240943944853e-04
8.960000000000000853e+00,-1.232560060958054200e-04
8.970000000000000639e+00,-1.221176065520499703e-04
8.980000000000000426e+00,-1.209821973260866515e-04
8.990000000000000213e+00,-1.198495317856817442e-04
9.000000000000000000e+00,-1.187193713566582059e-04
9.009999999999999787e+00,-1.175915105176639295e-04
9.019999999999999574e+00,-1.164657976061867628e-04
9.029999999999999361e+00,-1.153421494270950545e-04
9.040000000000000924e+00,-1.142205585325358147e-04
9.050000000000000711e+00,-1.131010929981445993e-04
9.060000000000000497e+00,-1.119838893737695783e-04
9.070000000000000284e+00,-1.108691401073805163e-04
9.080000000000000071e+00,-1.097570770761060088e-04
9.089999999999999858e+00,-1.086479529302916604e-04
9.099999999999999645e+00,-1.075420218451790348e-04
9.109999999999999432e+00,-1.064395210801787772e-04
9.120000000000000995e+00,-1.053406545458159221e-04
9.130000000000000782e+00,-1.042455794148674332e-04
9.140000000000000568e+00,-1.031543966686201193e-04
9.150000000000000355e+00,-1.020671463021284630e-04
9.160000000000000142e+00,-1.009838076590459171e-04
9.169999999999999929e+00,-9.990430499964311989e-05
9.179999999999999716e+00,-9.882851793051582743e-05
9.189999999999999503e+00,-9.775629579739931443e-05
9.200000000000001066e+00,-9.668747465804712453e-05
9.210000000000000853e+00,-9.562189510806869152e-05
9.220000000000000639e+00,-9.455941911506962237e-05
9.230000000000000426e+00,-9.349994415300384666e-05
9.240000000000000213e+00,-9.244341330508580297e-05
9.250000000000000000e+00,-9.138982054284177769e-05
9.259999999999999787e+00,-9.033921098886180210e-05
9.269999999999999574e+00,-8.929167652824117958e-05
9.279999999999999361e+00,-8.824734756352095686e-05
9.290000000000000924e+00,-8.720638197208314577e-05
9.300000000000000711e+00,-8.616895242243291844e-05
9.310000000000000497e+00,-8.513523317799822211e-05
9.320000000000000284e+00,-8.410538741026296324e-05
9.330000000000000071e+00,-8.307955590994708526e-05
9.339999999999999858e+00,-8.205784794626614438e-05
9.349999999999999645e+00,-8.104033488867196577e-05
9.359999999999999432e+00,-8.002704704795538687e-05
9.370000000000000995e+00,-7.901797399596944139e-05
9.380000000000000782e+00,-7.801306836870994471e-05
9.390000000000000568e+00,-7.701225285381213472e-05
9.400000000000000355e+00,-7.601542974018337642e-05
9.410000000000000142e+00,-7.502249211977578508e-05
9.419999999999999929e+00,-7.403333562875102924e-05
9.429999999999999716e+00,-7.304786954873242341e-05
9.439999999999999503e+00,-7.206602617507691460e-05
9.450000000000001066e+00,-7.108776758634640486e-05
9.460000000000000853e+00,-7.011308928290901237e-05
9.470000000000000639e+00,-6.914202053660813629e-05
9.480000000000000426e+00,-6.817462165177577986e-05
9.490000000000000213e+00,-6.721097862638885766e-05
9.500000000000000000e+00,-6.625119589244477544e-05
9.509999999999999787e+00,-6.529538790321565611e-05
9.519999999999999574e+00,-6.434367033666465259e-05
9.529999999999999361e+00,-6.339615162690744174e-05
9.540000000000000924e+00,-6.245292544578698378e-05
9.550000000000000711e+00,-6.151406465430975929e-05
9.560000000000000497e+00,-6.057961713100418747e-05
9.570000000000000284e+00,-5.964960376159981554e-05
9.580000000000000071e+00,-5.872401872851837893e-05
9.589999999999999858e+00,-5.780283206731176603e-05
9.599999999999999645e+00,-5.688599426448094279e-05
9.609999999999999432e+00,-5.597344247682856810e-05
9.620000000000000995e+00,-5.506510777947412947e-05
9.630000000000000782e+00,-5.416092273590194535e-05
9.640000000000000568e+00,-5.326082854595275509e-05
9.650000000000000355e+00,-5.236478108397094852e-05
9.660000000000000142e+00,-5.147275527906345765e-05
9.669999999999999929e+00,-5.058474749436417172e-05
9.679999999999999716e+00,-4.970077579367700887e-05
9.689999999999999503e+00,-4.882087821086635710e-05
9.700000000000001066e+00,-4.794510932528999369e-05
9.710000000000000853e+00,-4.707353557488191682e-05
9.720000000000000639e+00,-4.620622980657749243e-05
9.730000000000000426e+00,-4.534326557273739479e-05
9.740000000000000213e+00,-4.448471164943504938e-05
9.750000000000000000e+00,-4.363062719395836375e-05
9.759999999999999787e+00,-4.278105788343661926e-05
9.769999999999999574e+00,-4.193603329518944721e-05
9.779999999999999361e+00,-4.109556569832175553e-05
9.790000000000000924e+00,-4.025965032458254429e-05
9.800000000000000711e+00,-3.942826707552260919e-05
9.810000000000000497e+00,-3.860138350279102536e-05
9.820000000000000284e+00,-3.777895878208749266e-05
9.830000000000000071e+00,-3.696094830220601253e-05
9.839999999999999858e+00,-3.614730842704553192e-05
9.849999999999999645e+00,-3.533800096970848452e-05
9.859999999999999432e+00,-3.453299695644765431e-05
9.870000000000000995e+00,-3.373227934401769979e-05
9.880000000000000782e+00,-3.293584447928107510e-05
9.890000000000000568e+00,-3.214370223289817412e-05
9.900000000000000355e+00,-3.135587487867835360e-05
9.910000000000000142e+00,-3.057239490868883037e-05
9.919999999999999929e+00,-2.979330205816916805e-05
9.929999999999999716e+00,-2.901863985844295910e-05
9.939999999999999503e+00,-2.824845204498758783e-05
9.950000000000001066e+00,-2.748277912774672380e-05
9.960000000000000853e+00,-2.672165539048835395e-05
9.970000000000000639e+00,-2.596510653410686337e-05
9.980000000000000426e+00,-2.521314812152316526e-05
9.990000000000000213e+00,-2.446578491828958209e-05
